date,open,high,low,close,volume
 2010-06-01,986.02,994.79,948.12,973.23,1583073
 2010-06-02,967.61,997.12,952.61,997.12,1202131
 2010-06-03,1002.35,1026.7,997.78,998.39,1729802
 2010-06-04,989.68,1027.68,986.5,1027.68,1571654
 2010-06-07,1005.03,1075.22,1001.7,1069.47,2769355
 2010-06-08,1067.32,1075.5,1050.96,1067.15,2062969
 2010-06-09,1070.85,1102.1,1069.43,1077.82,2541568
 2010-06-10,1077.68,1119.11,1076.28,1117.48,2197404
 2010-06-11,1122.44,1128.23,1118.71,1122.2,2224874
 2010-06-17,1126.13,1129.69,1064.84,1064.84,1764283
 2010-06-18,1052.07,1053.14,993.17,1000.28,1630650
 2010-06-21,991.96,1043.16,976.41,1040.8,1574797
 2010-06-22,1037.04,1057.36,1033.65,1034.99,1427162
 2010-06-23,1026.86,1056.35,1023.74,1047.34,1257359
 2010-06-24,1046.76,1059.75,1041.54,1050.6,1069132
 2010-06-25,1046.21,1046.21,999.16,1016.28,1781242
 2010-06-28,1009.22,1014.41,984.22,987.83,1180048
 2010-06-29,985.57,992.23,912.54,913.31,1742055
 2010-06-30,898.29,921.81,881.36,919.31,1408707
 2010-07-01,914.4,921.21,882.19,882.19,1199397
 2010-07-02,878.95,885.34,832.62,873.12,1436579
 2010-07-05,857.37,870.86,842.73,862.27,1015804
 2010-07-06,859.26,898.45,857.8,893.72,1268273
 2010-07-07,896.53,908.55,890.34,908.55,1154522
 2010-07-08,912,914.3,887.03,905.51,1823587
 2010-07-09,903.5,936.53,896.89,932.15,1844847
 2010-07-12,931.54,941.07,924.06,930.17,1473329
 2010-07-13,924.95,936.64,906.3,931.08,1683635
 2010-07-14,929.75,937.93,916.07,922.36,1621514
 2010-07-15,920.05,930.56,892.56,892.56,1381135
 2010-07-16,885.07,895.06,869.02,892.3,1123317
 2010-07-19,881.66,910.18,878.07,908.05,1018964
 2010-07-20,909.54,937.55,909.54,937.02,1477184
 2010-07-21,940.1,959.04,938.16,941.25,1782674
 2010-07-22,938.22,950.21,932.02,950.21,1326602
 2010-07-23,951.84,964.74,948.13,960.59,1721251
 2010-07-26,962.76,966.73,954.76,966.15,1476035
 2010-07-27,963.54,968.04,955.73,957.97,1361821
 2010-07-28,955.19,972.53,954.52,972.53,2057862
 2010-07-29,974.3,982.02,965.61,975.36,2113521
 2010-07-30,971.66,971.66,955.92,968.43,1691712
 2010-08-02,968.45,994.23,968.45,994.23,1962783
 2010-08-03,995.2,996.26,975.65,975.65,1885147
 2010-08-04,971.41,978.01,955.93,978.01,1624911
 2010-08-05,980.27,998.1,978.33,987.35,1915500
 2010-08-06,987.97,1011.39,985.63,1011.39,2360264
 2010-08-09,1013.25,1032.34,1013.25,1032.34,2428507
 2010-08-10,1031.98,1034.33,993.99,993.99,2411715
 2010-08-11,991.28,1006.45,990.94,1004.64,1759141
 2010-08-12,994.05,1007.58,987.98,991.78,2286132
 2010-08-13,992.63,1007.52,986.62,1007.21,1782848
 2010-08-16,1007.5,1031.05,1005.05,1030.22,2091177
 2010-08-17,1031.08,1036.82,1023.08,1033.58,1963471
 2010-08-18,1033.71,1035.61,1018.5,1026.72,1811909
 2010-08-19,1026.98,1033.25,1021.7,1025.53,1750952
 2010-08-20,1021.46,1022.45,993.56,995.94,2404560
 2010-08-23,994.94,1001.18,991.52,995.61,1773928
 2010-08-24,993.58,1007.76,987.22,1004.99,1608155
 2010-08-25,1000.27,1002.33,976.55,976.88,2166638
 2010-08-26,978.6,984.87,973,980.63,1700767
 2010-08-27,978.51,1000.86,975.72,999.46,2173480
 2010-08-30,1002.99,1025.15,1002.99,1024.93,2358186
 2010-08-31,1020.75,1029.8,1015.13,1025.57,2175334
 2010-09-01,1025.68,1029.81,987.59,995.59,2400153
 2010-09-02,1001.6,1018.28,996.52,1014.92,2758003
 2010-09-03,1017.64,1045.21,1017.51,1036.7,3186012
 2010-09-06,1039.46,1043.24,1007.43,1010.76,2546962
 2010-09-07,1010.12,1022.62,1007.64,1022.62,1686002
 2010-09-08,1020.23,1027.64,1016.84,1026.33,1801644
 2010-09-09,1029.11,1040.67,1019.69,1021.83,2365284
 2010-09-10,1021.87,1037.51,1016.19,1034.94,2210901
 2010-09-13,1034.39,1045.39,1033.25,1042.48,2010292
 2010-09-14,1044.3,1046.13,1028.77,1031.22,1940841
 2010-09-15,1029.52,1030.02,987.05,990.1,2216464
 2010-09-16,989.49,994.95,964.53,972.6,1717924
 2010-09-17,976.07,981.73,967.56,972.23,1450030
 2010-09-20,972.45,975.26,947.41,949.2,1292681
 2010-09-21,952.07,953.83,930.25,934.46,1107187
 2010-09-27,936.21,951.84,930.87,950.67,1079437
 2010-09-28,949.63,949.89,939.63,942.05,1666173
 2010-09-29,941.27,944.17,924.41,926.76,1230242
 2010-09-30,923.83,942.54,921.36,942.54,1099209
 2010-10-08,946.47,963.18,945.62,959.86,1511188
 2010-10-11,960.91,961.17,941.91,947.11,1852470
 2010-10-12,946.63,959.98,945.01,951.79,1510895
 2010-10-13,951.33,962.74,940.65,962.74,2209485
 2010-10-14,963.29,975.91,956.86,958.5,1994136
 2010-10-15,954.12,957.77,937.12,944.25,1884787
 2010-10-18,941.87,941.87,913.82,932.36,1787335
 2010-10-19,932.83,1005.59,932.32,995.92,3333809
 2010-10-20,986.65,1024.58,986.03,1004.54,3438174
 2010-10-21,1001.68,1001.68,983.66,991.84,2161944
 2010-10-22,991.14,1023.7,991.14,1013.45,2377733
 2010-10-25,1018.08,1043.09,1018.08,1039.05,2729464
 2010-10-26,1041.53,1041.91,1020.94,1036.01,2967923
 2010-10-27,1034.86,1048.56,1028.7,1030.59,2443831
 2010-10-28,1024.7,1038.62,1023.49,1038.62,2269392
 2010-10-29,1042.4,1069.75,1042.4,1064.52,3097404
 2010-11-01,1071.63,1113.62,1071.63,1107.52,3754825
 2010-11-02,1108.09,1108.09,1074.58,1075.15,3292637
 2010-11-03,1063.2,1063.2,1040.55,1040.62,2224595
 2010-11-04,1041.42,1057.71,1037.24,1057.71,1759113
 2010-11-05,1067.87,1072.22,1058.26,1072.22,2237335
 2010-11-08,1077.5,1107.06,1077.5,1107.06,2579173
 2010-11-09,1110.43,1117.52,1102.01,1115.65,2622116
 2010-11-10,1115.74,1147.48,1113.75,1141.58,2974084
 2010-11-11,1137.08,1163.7,1132.36,1132.72,3180996
 2010-11-12,1126.85,1140.63,1080.27,1082.24,3612339
 2010-11-15,1087.81,1148.54,1086.52,1148.54,2981080
 2010-11-16,1154.41,1175.31,1111.5,1126.18,3964587
 2010-11-17,1115.12,1132.86,1080.93,1085.35,2829795
 2010-11-18,1090.14,1102.85,1077.06,1102.85,2238790
 2010-11-19,1106.75,1153.17,1105.59,1153.17,3233615
 2010-11-22,1153.26,1194.2,1151.76,1174.94,4025388
 2010-11-23,1172.06,1183.84,1148.81,1183.5,2898766
 2010-11-24,1176.42,1208.45,1174.68,1208.45,2869098
 2010-11-25,1212.77,1215.74,1177.83,1186.36,2832584
 2010-11-26,1184.8,1200.5,1179.28,1196.02,2350441
 2010-11-29,1195.31,1221.75,1193.41,1220.11,2685259
 2010-11-30,1219.08,1219.12,1146.97,1181.5,3163257
 2010-12-01,1176.61,1182.57,1169.89,1177.18,1612221
 2010-12-02,1187.1,1192.8,1177.81,1177.84,1767132
 2010-12-03,1177.17,1178.67,1148.09,1157.94,1702613
 2010-12-06,1157.72,1159.3,1124.94,1134.38,1562358
 2010-12-07,1132.33,1162.58,1123.76,1161.69,1280460
 2010-12-08,1160.92,1176.42,1158.1,1160.24,1345852
 2010-12-09,1158.82,1160.91,1144.18,1144.53,1806955
 2010-12-10,1139.83,1167.68,1136.33,1166.8,1569302
 2010-12-13,1175.51,1210.75,1175.51,1209.27,2301380
 2010-12-14,1211.46,1219.71,1204.66,1218.52,2047676
 2010-12-15,1217.81,1224.05,1209.29,1211.8,2319263
 2010-12-16,1209.62,1233.62,1209.34,1225.03,2127810
 2010-12-17,1222.93,1233.39,1222.93,1232.98,2059515
 2010-12-20,1235.67,1239.6,1180.53,1212.34,2702385
 2010-12-21,1212.09,1222.3,1204.48,1215.02,1885949
 2010-12-22,1214.77,1215.79,1199.68,1201.65,2109499
 2010-12-23,1198.74,1200.76,1175.86,1176.36,1877144
 2010-12-24,1170.7,1170.7,1140.13,1144.5,1630336
 2010-12-27,1145.7,1154.53,1100.52,1105.3,1567896
 2010-12-28,1098.94,1099.18,1080.4,1091.48,1439567
 2010-12-29,1091.82,1113.31,1091.82,1113.31,1615975
 2010-12-30,1113.56,1122.41,1106.43,1117.21,1409447
 2010-12-31,1117.36,1138.47,1117.36,1137.66,1391123
 2011-01-04,1142.17,1155.52,1140.04,1155.11,1695881
 2011-01-05,1153.91,1159.12,1146.38,1155.35,1683527
 2011-01-06,1153.63,1159.41,1134.09,1134.79,1559129
 2011-01-07,1132.73,1139.78,1119.61,1126.52,1974030
 2011-01-10,1124.34,1124.34,1089.06,1093.77,1591818
 2011-01-11,1089.99,1089.99,1068.4,1078.37,1376431
 2011-01-12,1083.12,1095.52,1071.09,1089.67,1234470
 2011-01-13,1094.83,1097.1,1089.67,1093.86,1776971
 2011-01-14,1092.09,1092.09,1065.75,1067.42,1534370
 2011-01-17,1066.44,1066.99,1025.66,1028.16,1701014
 2011-01-18,1021.84,1029.86,1014.63,1025.72,1018064
 2011-01-19,1025.93,1048.6,1023.15,1048.54,1178339
 2011-01-20,1047.77,1051.52,1020.29,1020.39,1442281
 2011-01-21,1014.72,1033.52,1013.27,1024.51,1254321
 2011-01-24,1024.79,1029.33,994.26,994.97,1315743
 2011-01-25,992.57,992.57,968.32,979,1421063
 2011-01-26,978.07,995.79,977.85,995.74,1161020
 2011-01-27,991.06,1015.05,984.79,1013.02,1186127
 2011-01-28,1013.64,1023.63,1011.31,1020.94,998536
 2011-01-31,1021.63,1030.19,1014.4,1029.12,1211559
 2011-02-01,1029.67,1034.14,1026.9,1032.6,1447715
 2011-02-09,1026.45,1037.84,1021.79,1025.15,1287175
 2011-02-10,1026.25,1063.95,1024.71,1063.95,1833971
 2011-02-11,1067.19,1075.59,1065.15,1071.58,1858216
 2011-02-14,1072.31,1087.31,1072.31,1086.56,2085430
 2011-02-15,1086.8,1097.56,1082.27,1087.73,2692483
 2011-02-16,1086.77,1107.24,1083.85,1107.24,2430058
 2011-02-17,1108.63,1116.96,1103.89,1115.33,2407534
 2011-02-18,1114.45,1114.69,1098.59,1100.46,2314419
 2011-02-21,1096.17,1117.67,1094.43,1117.67,2338857
 2011-02-22,1118.61,1122.18,1087.01,1088.27,3202336
 2011-02-23,1088.08,1117.29,1087.86,1114.05,2313215
 2011-02-24,1112.43,1112.72,1094.62,1101.95,2238639
 2011-02-25,1098.11,1098.73,1085.8,1095.1,1966280
 2011-02-28,1096.34,1099.78,1087.59,1099.78,1903786
 2011-03-01,1100.81,1102.55,1091.98,1098,2101515
 2011-03-02,1094.97,1096.09,1077.65,1088.9,1797659
 2011-03-03,1088.89,1091.89,1062.37,1064.31,1799709
 2011-03-04,1063.43,1071.86,1056.56,1071.86,1471274
 2011-03-07,1073.93,1078.11,1069.93,1078.11,1770028
 2011-03-08,1079.53,1085.31,1074.1,1084.82,2526986
 2011-03-09,1084.7,1087.3,1075.46,1087.3,2453239
 2011-03-10,1088.34,1103.54,1087.57,1093.9,2564247
 2011-03-11,1090.21,1113.01,1088.65,1101.76,2755355
 2011-03-14,1099.32,1107.54,1095.9,1107.54,2543075
 2011-03-15,1108.2,1108.2,1078.23,1094.95,2786249
 2011-03-16,1094.12,1102.67,1094.12,1102.22,2621254
 2011-03-17,1096.22,1096.22,1074.87,1078.37,2579187
 2011-03-18,1081.6,1088.31,1079.56,1083.6,1714087
 2011-03-21,1083.15,1084.55,1068.32,1070.6,1675007
 2011-03-22,1072.39,1074.08,1057.86,1067.29,1846559
 2011-03-23,1066.17,1076.56,1064.59,1076.56,1762140
 2011-03-24,1078.02,1081.59,1074.04,1077.99,1872127
 2011-03-25,1077.34,1078.02,1069.38,1072.34,1977720
 2011-03-28,1072.89,1074.41,1051.02,1052.11,2287752
 2011-03-29,1050.29,1050.29,1017.88,1019.04,2763171
 2011-03-30,1017.16,1019.17,1004.38,1006.37,1944158
 2011-03-31,1006.72,1019.32,1005.37,1008.3,1590416
 2011-04-01,1006.04,1015.08,1002.86,1015.08,1294019
 2011-04-06,1011.68,1011.82,992.31,994.26,1541654
 2011-04-07,993.38,1004.41,992.43,1004.41,1773952
 2011-04-08,1004.14,1019.14,1002.38,1019.14,1569267
 2011-04-11,1021.31,1022.56,1002.43,1002.8,1710574
 2011-04-12,1000.77,1007.25,997.75,1000.17,1354872
 2011-04-13,999.53,1020.75,998.52,1020.75,1508995
 2011-04-14,1021.1,1021.46,1013.99,1016.62,1412610
 2011-04-15,1015.97,1016.15,1002.64,1010.06,1777145
 2011-04-18,1008.48,1010.66,1000.18,1003.26,1524246
 2011-04-19,1000.88,1000.88,986.9,994.3,1759370
 2011-04-20,993.94,1009.5,991.88,1008.18,1687702
 2011-04-21,1007.98,1017.7,1006.91,1010.56,2388192
 2011-04-22,1008.17,1008.3,1000.92,1004.65,1893595
 2011-04-25,1001.08,1001.08,974.99,975.18,1990286
 2011-04-26,970.96,973.56,954.98,958.29,1969918
 2011-04-27,956.77,961.64,936.99,942.54,1827124
 2011-04-28,941.2,944.7,903.03,904.15,1934849
 2011-04-29,901.16,912.72,897.2,912.72,1317671
 2011-05-03,911.79,923.06,907.28,922.07,1226499
 2011-05-04,919.67,919.67,901.92,903.99,1270601
 2011-05-05,901.48,919.6,900.35,914.59,1473808
 2011-05-06,910.14,920.77,904.74,918.28,1334006
 2011-05-09,920.12,935.9,920.12,931.77,1557071
 2011-05-10,932.88,933.24,925.04,931.21,1267213
 2011-05-11,931.51,933.28,923.26,929.95,1596040
 2011-05-12,927.15,927.15,909.14,909.26,1646752
 2011-05-13,909.25,912.61,897.8,909.77,1544289
 2011-05-16,911.34,916.02,906.08,906.34,1332883
 2011-05-17,903.98,904.48,890.36,895.15,1624413
 2011-05-18,891.99,894.89,888.18,890.79,1744464
 2011-05-19,891.48,895.54,883.87,884.89,1448972
 2011-05-20,884.06,884.33,873.87,875.43,1416626
 2011-05-23,873.31,873.59,840.65,840.9,2047422
 2011-05-24,836.79,876.6,828.5,870.94,2782844
 2011-05-25,867.68,867.68,842.12,842.35,2176375
 2011-05-26,843.62,852.98,830.64,830.92,1741445
 2011-05-27,830.61,835.87,819.87,822.94,1849514
 2011-05-30,819.87,844.97,816.39,834.32,2335782
 2011-05-31,836.35,846.32,828.66,846.32,2499466
 2011-06-01,846.48,852.66,843.29,851.17,2358778
 2011-06-02,841.52,841.52,823.1,833.74,2095702
 2011-06-03,833.44,849.73,832.53,847.55,1958064
 2011-06-07,845.25,848.22,842.46,847.71,1598940
 2011-06-08,846.67,846.93,836.99,844.98,2043436
 2011-06-09,843.58,843.58,828.02,828.02,2017611
 2011-06-10,825.55,826.54,811.09,824.03,1785816
 2011-06-13,820.24,833.25,811.39,829.36,1614046
 2011-06-14,829.51,840.69,829.27,838.47,1703028
 2011-06-15,837.54,840.54,826.94,827.53,2073052
 2011-06-16,822.37,822.55,809.93,810.71,1731523
 2011-06-17,809.16,813.21,801.31,802.64,1428628
 2011-06-20,800.62,800.62,787.57,791.76,1477888
 2011-06-21,792,796.85,786.33,795.61,1508401
 2011-06-22,797.42,798.24,788.56,791.51,1847725
 2011-06-23,790.7,815.78,783.86,814.44,3043269
 2011-06-24,812.31,835.3,810.58,832.32,3506956
 2011-06-27,832.62,850.39,832.62,843.86,3397416
 2011-06-28,843.98,844.96,836.94,844.18,2329661
 2011-06-29,844.85,850.36,836.38,836.38,2870804
 2011-06-30,834.82,846.88,834.82,845.92,2412281
 2011-07-01,847.54,862.34,847.54,855.27,3052681
 2011-07-04,856.5,876.17,856.5,876.17,3605971
 2011-07-05,877.52,885.78,876.9,883.42,3429034
 2011-07-06,881.6,894.28,877.82,894.28,4005587
 2011-07-07,893.6,911.87,891.73,899.8,4980368
 2011-07-08,899.47,902.05,888.22,894.91,3350704
 2011-07-11,894.07,903.9,889.82,903.31,3138543
 2011-07-12,895.49,898.99,888.58,891.52,4134161
 2011-07-13,890.3,913.09,890.3,913.09,3773358
 2011-07-14,913.49,932.78,913.49,932.78,5124319
 2011-07-15,935.54,951.4,933.49,951.14,6429022
 2011-07-18,952.03,959.27,944.1,946.12,4886468
 2011-07-19,940.42,940.42,924.09,927.3,4242889
 2011-07-20,932.21,937.75,920.22,930.83,3652248
 2011-07-21,930.26,930.89,915.37,915.37,3321787
 2011-07-22,917.63,929.93,917.63,924,3272156
 2011-07-25,920.85,920.85,884.1,887.06,4313444
 2011-07-26,884.02,892.54,878.16,892.54,2911907
 2011-07-27,890.03,917.16,883.97,915.55,3884076
 2011-07-28,907.25,920.03,902.5,919.4,3749075
 2011-07-29,919.53,924.84,910.24,913.28,3734791
 2011-08-01,911.94,931.37,910.98,927.38,3717874
 2011-08-02,923.09,932.12,905.01,932.12,4822299
 2011-08-03,922.81,951.59,918.64,945.51,6078198
 2011-08-04,944.83,950.03,935.42,937.48,4490789
 2011-08-05,905.16,926.62,899.32,919.19,4278637
 2011-08-08,908.08,913.32,859.16,877.44,4853829
 2011-08-09,849,884.84,835.28,878.76,4248659
 2011-08-10,891.22,901.86,889.86,891.75,4152964
 2011-08-11,873.12,915.49,870.29,915.49,4790986
 2011-08-12,920.29,932.78,920.29,926.3,4554967
 2011-08-15,928.98,946.8,928.98,942.49,4478420
 2011-08-16,942.95,944.87,929.79,933.14,4114517
 2011-08-17,932.01,941.45,926.02,936.16,4004712
 2011-08-18,934.58,935.11,915.26,915.68,3953249
 2011-08-19,895.65,912.42,891.8,912.42,4432501
 2011-08-22,913.61,925.39,907.86,910.61,4341367
 2011-08-23,912.35,936.42,912.35,936.42,5674449
 2011-08-24,940.42,954.23,939.28,940.2,6468434
 2011-08-25,942.64,943.72,927.36,942.94,5311157
 2011-08-26,940.53,954.72,937.97,952.81,5508088
 2011-08-29,951.55,959.67,947.73,954.03,5130036
 2011-08-30,957.29,960.15,933.82,934.19,4772780
 2011-08-31,931.79,936.1,911.82,921.5,3969353
 2011-09-01,921.97,930.19,913.16,917.75,3455754
 2011-09-02,916.07,918.59,902.48,909.85,3296039
 2011-09-05,902.37,902.37,883.46,883.87,3247565
 2011-09-06,876.71,884.61,869.81,874.74,3094362
 2011-09-07,877.87,899.61,877.78,899.61,3146188
 2011-09-08,903.25,909.88,891.52,891.93,3276209
 2011-09-09,889.47,895.85,877.53,881.58,2616606
 2011-09-13,870.04,870.04,858.91,861.92,2287849
 2011-09-14,864.08,877.04,855.34,876.95,2420365
 2011-09-15,877.93,885.71,875.68,875.86,2623923
 2011-09-16,878.56,883.1,873.55,874.88,2803521
 2011-09-19,871.88,871.88,854.64,854.71,2374811
 2011-09-20,850.97,861.18,846.03,856.81,2097516
 2011-09-21,856.8,881.56,854.29,881.03,3279914
 2011-09-22,876.25,879.1,852.92,852.92,3121393
 2011-09-23,840.18,848.27,833.77,843.48,2640321
 2011-09-26,842,848.82,826.83,829.35,2248383
 2011-09-27,833.64,839.19,822.84,830.88,2753487
 2011-09-28,834.03,838.33,814.34,817.52,2458248
 2011-09-29,813.26,813.26,791.05,791.89,2625983
 2011-09-30,792.76,796.48,781.79,791.13,1950389
 2011-10-10,792.97,796.86,786.84,790.04,1621991
 2011-10-11,806.7,812.45,778.05,786.15,2572308
 2011-10-12,783.43,817.02,773.93,816.14,3644532
 2011-10-13,816.53,835.63,814.63,833.02,4197492
 2011-10-14,830.48,833.03,819.98,830.2,3330833
 2011-10-17,832.86,839.26,826.81,832.29,3697721
 2011-10-18,826.53,828.18,806,806.6,3930548
 2011-10-19,807.21,813.95,798.8,804.44,3006662
 2011-10-20,801.03,801.03,771.15,778.95,3368182
 2011-10-21,777.03,779.46,760.16,763.3,2590864
 2011-10-24,761.43,772.96,741.33,772.41,3335606
 2011-10-25,770.84,799.1,769.29,797.86,4508874
 2011-10-26,794.3,820.81,791,811.13,6050439
 2011-10-27,810.72,821.29,807.12,810.92,5078367
 2011-10-28,820.42,833.73,813.93,833.42,5755198
 2011-10-31,834.3,852.8,831.5,852.8,6252855
 2011-11-01,843.8,855.35,840.06,853.36,6301051
 2011-11-02,837.07,881.05,833.9,881.05,8516045
 2011-11-03,885.87,898.31,877.66,877.66,9918096
 2011-11-04,881.62,887.67,876.44,882.25,6660408
 2011-11-07,880.15,889.34,876.54,878.76,5225319
 2011-11-08,878.45,879.9,861.38,862.36,5445643
 2011-11-09,866.91,891.12,860.75,891.12,6883980
 2011-11-10,881.69,911.73,878.99,895.27,10350637
 2011-11-11,893.72,901.8,885.59,891.19,7667414
 2011-11-14,899.11,917.27,899.11,915.98,8111971
 2011-11-15,916.62,922.81,912.81,920.97,7390361
 2011-11-16,921.3,922.07,888.88,893.51,7071703
 2011-11-17,893.79,911.9,890.82,898.34,6529090
 2011-11-18,892.63,892.75,868.26,869.19,6104312
 2011-11-21,866.98,868.31,849.56,863.13,4658928
 2011-11-22,856.2,868.48,852.04,868.43,4089330
 2011-11-23,868.78,874.3,863.06,864.81,4401077
 2011-11-24,856.67,874.92,852,868.14,4339727
 2011-11-25,866.99,874.48,860.63,863.5,4199906
 2011-11-28,864.38,871.28,858.46,866.84,3976936
 2011-11-29,872.2,880.31,866.74,880.31,4643474
 2011-11-30,878.68,878.68,824.95,838.11,5836484
 2011-12-01,861.55,872.34,852.87,852.87,5721672
 2011-12-02,849.18,849.18,825.08,829.18,4038192
 2011-12-05,825.61,826.09,790.3,792.5,3444620
 2011-12-06,788.44,801.93,783.28,798.1,3163314
 2011-12-07,797.18,806.42,794.37,802.63,3027376
 2011-12-08,799.49,819.97,788.62,809.43,4313035
 2011-12-09,802.13,812.17,796.19,798.84,3100104
 2011-12-12,798.81,803.74,789.79,790.79,2535366
 2011-12-13,787.08,787.08,765.04,768.92,3434003
 2011-12-14,766.18,773.77,754.32,755.76,3208381
 2011-12-15,751.55,756.81,743.27,746.56,3484289
 2011-12-16,745.52,778.78,745.52,778.78,4329477
 2011-12-19,774.66,793.44,767.07,793.44,5077001
 2011-12-20,791.82,799.66,780.92,781.42,4050591
 2011-12-21,786.98,791.23,760.92,761.34,3864116
 2011-12-22,754.48,767.32,727.74,757.9,4661591
 2011-12-23,754.89,770.38,750.96,761.44,3634598
 2011-12-26,760.67,769.92,751.61,753.05,2920371
 2011-12-27,749.61,749.92,725.11,727.17,3309758
 2011-12-28,721.84,721.84,700.11,717.55,3184213
 2011-12-29,714.58,722.2,710.65,716.55,2826756
 2011-12-30,718.03,730.53,718.03,729.5,3107814
 2012-01-04,734.74,737.91,707.11,707.11,3199979
 2012-01-05,700.32,701.04,665.41,666.91,4016076
 2012-01-06,662.65,672.13,645.8,669.02,3237513
 2012-01-09,667.86,692.42,657.18,692.42,4139809
 2012-01-10,691.65,718.29,690.5,716.45,5745642
 2012-01-11,715.04,728.66,710.53,717.94,4991163
 2012-01-12,715.82,724.08,708.68,709.89,3943702
 2012-01-13,709.05,709.63,665.26,666.08,4993608
 2012-01-16,657.8,657.8,633.31,633.91,3313455
 2012-01-17,630.78,664.7,623.64,662.69,4536489
 2012-01-18,662.94,665.6,621.67,624.91,4788498
 2012-01-19,621.65,637.02,612.28,632.8,4378062
 2012-01-20,634.83,648.14,634.57,646.38,3794610
 2012-01-30,649.42,660.06,644.88,651.25,3696327
 2012-01-31,649.37,650.49,637.43,648.68,3122930
 2012-02-01,647.49,663.27,644.58,650.78,3643957
 2012-02-02,652.06,665.4,652.06,665.4,3948430
 2012-02-03,665.35,681.89,663.01,680.05,5084726
 2012-02-06,681.04,689.96,680.7,686.51,4913461
 2012-02-07,683.88,683.88,669.54,673.68,4022295
 2012-02-08,673.07,692.3,669.63,692.3,4690440
 2012-02-09,692.36,705.7,690.68,697.79,5973568
 2012-02-10,696.53,703.09,693.75,698.85,4682200
 2012-02-13,694.24,718.67,690.53,714.96,5579600
 2012-02-14,714.75,717.77,707.97,712.3,4136396
 2012-02-15,711.62,724.75,707.14,724.75,5543245
 2012-02-16,723.43,731.45,714.4,721.83,6034967
 2012-02-17,722.62,726.94,709.23,717.8,4661936
 2012-02-20,726.88,731.41,720.97,721.1,5648109
 2012-02-21,719.29,736.88,713.65,736.88,6682663
 2012-02-22,737.78,759.56,737.78,759.56,8969181
 2012-02-23,760.67,765.42,748.62,756.9,8406383
 2012-02-24,756.16,764.74,755.19,762.29,7390735
 2012-02-27,763.96,771.3,760.24,760.37,8006043
 2012-02-28,757.45,758.17,737.37,747.77,7978856
 2012-02-29,747.22,748.09,734.24,735.34,5904584
 2012-03-01,734.25,748.8,733.78,743.15,5005155
 2012-03-02,743.85,757.67,743.85,757.67,5487446
 2012-03-05,759.65,766.75,758.83,759.37,6271369
 2012-03-06,758.08,758.72,743.61,750.84,6023767
 2012-03-07,743.05,759.45,740.61,749.27,5943515
 2012-03-08,751.98,764,751.98,761.7,5558078
 2012-03-09,764.48,777.69,763.72,777.69,6901048
 2012-03-12,779.51,786.05,778.51,786.05,6946632
 2012-03-13,785.53,792.38,782.94,792.38,7151396
 2012-03-14,795.12,799.83,750.13,756.46,10995380
 2012-03-15,754.53,759.53,735.09,746.44,7483183
 2012-03-16,748.05,765.56,745.35,765.56,6549302
 2012-03-19,764.95,779.56,763.36,779.56,6515828
 2012-03-20,777.39,777.39,755.4,755.58,6107046
 2012-03-21,758.89,761.34,737.99,751.79,6039931
 2012-03-22,750.45,756.35,744.89,750.85,4550955
 2012-03-23,748.87,750.69,735.15,737.89,4480951
 2012-03-26,735.16,742.26,731.31,737.21,3642017
 2012-03-27,739.44,745.83,733.84,735.73,4024034
 2012-03-28,732.68,732.68,697.51,698.49,5442515
 2012-03-29,692.37,695.96,676.99,683.96,4575497
 2012-03-30,682.28,686.5,673.49,678.52,4235670
 2012-04-05,677.76,698.3,676.51,697.75,4398591
 2012-04-06,697.86,705.38,695.65,701.9,4392632
 2012-04-09,699.87,701.59,689.72,689.72,3567381
 2012-04-10,686.48,697.17,672.99,697.17,4428713
 2012-04-11,689.85,701.93,685.75,698.49,3932710
 2012-04-12,699.42,713.25,697.74,713.12,4848404
 2012-04-13,715.04,723.89,714.24,718.96,5012434
 2012-04-16,714.85,719.88,712.02,716.23,3810806
 2012-04-17,716.53,718.46,708.4,709.14,3916592
 2012-04-18,710.14,724.03,710.1,723.46,4872801
 2012-04-19,723.83,728.46,721.59,725.12,4816491
 2012-04-20,724.13,728.72,720.83,728.72,4664623
 2012-04-23,724.9,724.9,689.44,690.43,7329877
 2012-04-24,680.61,689.88,663.92,681.53,5847302
 2012-04-25,679.75,684.48,674.55,682.52,4409875
 2012-04-26,683.02,685.82,673.94,678.44,3854188
 2012-04-27,677.55,689.1,676.07,685.13,4055113
 2012-05-02,692.35,696.42,686.18,693.61,4355691
 2012-05-03,693.4,699.41,690.76,699.31,4122606
 2012-05-04,699.88,713.84,699.88,713.19,5389720
 2012-05-07,710.98,733.05,709.87,733.05,6120061
 2012-05-08,733.83,738.52,730.55,731.72,6619395
 2012-05-09,727.6,727.7,718.72,719.35,5805832
 2012-05-10,718.24,730.78,718.24,727.29,5157954
 2012-05-11,726.56,730.83,720.93,721.08,6002106
 2012-05-14,725.52,729.67,717.94,719.87,6024591
 2012-05-15,714.58,720.21,709.63,720.12,5181662
 2012-05-16,718.71,722.21,709.88,709.96,4539304
 2012-05-17,709.5,718.44,703.93,716.17,4652232
 2012-05-18,711.69,717.27,705.25,706.22,5671257
 2012-05-21,705.87,709.68,698.81,704.8,4603324
 2012-05-22,706.92,714.91,706.92,714.66,4144233
 2012-05-23,715.03,717.2,705.2,713.02,5134553
 2012-05-24,711.69,718.02,710.07,712.58,5074632
 2012-05-25,713.04,714.9,700.62,702.73,4753242
 2012-05-28,699.64,707.49,686.07,706.47,4642532
 2012-05-29,705.79,721.73,704.2,720.45,5517465
 2012-05-30,720.57,731.28,719.14,727.19,6051260
 2012-05-31,724.46,740.49,721.71,734.45,6704539
 2012-06-01,733.62,739.93,730,734.26,6364929
 2012-06-04,721.68,734.26,717.04,717.1,6180151
 2012-06-05,718.11,721.57,713.58,715.93,4196363
 2012-06-06,717.13,722.36,711.19,715.24,3899402
 2012-06-07,721.56,725.29,709.17,711.43,4404545
 2012-06-08,716.42,721.36,710.27,713.92,5113299
 2012-06-11,714.12,734.5,714.12,734.5,6469825
 2012-06-12,731.04,739.02,729.71,735.29,6473938
 2012-06-13,735.6,746.51,735.6,746.51,7171411
 2012-06-14,745.76,750.28,739.91,740.97,7100317
 2012-06-15,742.38,747.3,733.33,742.27,6901456
 2012-06-18,744.05,753.77,744.05,752.98,7963397
 2012-06-19,751.27,752.77,746.09,747.49,8450025
 2012-06-20,747.64,751.9,746.03,748.39,8516857
 2012-06-21,746.61,746.61,732.17,739.05,7793460
 2012-06-25,736.18,736.18,720.47,720.6,6650404
 2012-06-26,716.3,719.33,703.03,715.92,6050190
 2012-06-27,715.52,728.54,715.38,718.93,6893909
 2012-06-28,719.09,723.07,710.9,711.14,7400715
 2012-06-29,708.11,726.68,705.86,726.68,7104600
 2012-07-02,730.77,744.96,730.76,741.19,7743385
 2012-07-03,742.2,751.36,739.92,743.9,9347557
 2012-07-04,744.7,747.84,736.9,739.62,7965050
 2012-07-05,738.49,738.49,721.36,724.31,7451569
 2012-07-06,727.69,737.69,712.44,737.29,8229852
 2012-07-09,733.66,737.79,721.6,722.28,7618162
 2012-07-10,719.89,721.81,710.73,713.53,7035974
 2012-07-11,710.89,719.3,706.72,719.3,5668274
 2012-07-12,718.62,735.7,717.2,734.32,7327214
 2012-07-13,731.49,736.46,722.65,725.79,7484220
 2012-07-16,722.82,722.82,691.23,691.39,8277827
 2012-07-17,687.74,697,686.11,697,5490463
 2012-07-18,695.92,702.17,684.3,702.14,6205299
 2012-07-19,701.23,714.92,698.48,709.17,7086094
 2012-07-20,707.83,714.15,704.87,706.25,5726629
 2012-07-23,703.2,708.21,697.69,704.57,5174113
 2012-07-24,700.58,712.11,698.39,706.4,5225362
 2012-07-25,704.7,715.97,703.35,708.3,6079427
 2012-07-26,707.77,717.76,704.97,706.73,5454038
 2012-07-27,707.97,711.57,698.18,703.58,5414012
 2012-07-30,703.7,707.63,685.84,688.47,5253858
 2012-07-31,686.54,687.69,672.28,676.96,4853301
 2012-08-01,677.53,694.54,676.34,689.49,4694356
 2012-08-02,688.33,694.83,684.2,690.98,4952914
 2012-08-03,691.79,711.93,690.26,711.93,6116857
 2012-08-06,708.26,731.39,706.83,730.42,7449598
 2012-08-07,729.63,737.58,729.44,736.01,7168251
 2012-08-08,734.88,734.88,723.98,730.07,5817704
 2012-08-09,729.5,743.23,727.7,743.2,7047415
 2012-08-10,743.29,744.84,736.55,743.07,6130295
 2012-08-13,742.38,742.38,726.93,727.64,6153185
 2012-08-14,726.84,736.45,714.65,736.35,6321177
 2012-08-15,734.87,736.28,728.49,729.73,5061584
 2012-08-16,728.66,730.13,720.72,723.53,4190765
 2012-08-17,721.33,723.2,714.02,721.05,4587319
 2012-08-20,718.14,732.67,713.15,730.87,5226300
 2012-08-21,730.29,752.78,729.99,748.94,8531240
 2012-08-22,749,756.53,743.61,746.85,8927210
 2012-08-23,745.47,751.71,741.38,750.56,8967547
 2012-08-24,747.73,750.36,733.31,733.31,7938355
 2012-08-27,731.67,731.67,721.2,722.57,6616475
 2012-08-28,720.83,733.13,717.53,727.62,6369417
 2012-08-29,726.7,736.74,722.82,726.94,7768386
 2012-08-30,727.21,729.05,692.14,704.04,9026271
 2012-08-31,701.37,710.02,698.62,706.63,5713335
 2012-09-03,703.81,725.17,701.7,723.87,6550695
 2012-09-04,724.7,732.36,721.52,722.72,7726658
 2012-09-05,721.07,732.77,719.34,730.62,7974380
 2012-09-06,732.46,739.74,731.24,739.74,8159590
 2012-09-07,744.65,764.45,744.24,759.46,13543457
 2012-09-10,759.69,765.31,756.03,762.31,11740557
 2012-09-11,761.55,762.51,756.77,761.73,10596146
 2012-09-12,763.05,766.52,754.32,762.51,9339447
 2012-09-13,761.78,764.36,749.89,749.89,9173258
 2012-09-14,753.6,756.2,738.95,744.47,8116033
 2012-09-17,742.69,742.69,724.15,724.15,6607894
 2012-09-18,722.38,730.36,720.45,723.61,5238138
 2012-09-19,724.89,730.3,723.64,728.25,5185624
 2012-09-20,727.96,727.96,704.91,706.69,7233442
 2012-09-21,703.42,706.52,689.54,691.14,5853244
 2012-09-24,685.99,695.19,678.35,690.34,4778873
 2012-09-25,688.21,693.76,680.65,682.34,4456482
 2012-09-26,680.47,682.67,660.12,661.49,4785551
 2012-09-27,662.78,680.48,662.78,676.96,5945532
 2012-09-28,674.19,691.06,671.61,689.64,5422737
 2012-10-08,690.35,693.64,686.27,690.77,4349179
 2012-10-09,691.39,712.78,691.39,712.7,7160979
 2012-10-10,712.15,722.52,709.92,721.85,7759452
 2012-10-11,720.39,724.7,711.63,711.8,7193188
 2012-10-12,711.83,721.26,700.97,708.87,5987717
 2012-10-15,706.23,707.13,694.12,701.96,6047798
 2012-10-16,700.94,711.87,698.97,705.39,5172678
 2012-10-17,706.09,711.41,701.64,709.09,4990477
 2012-10-18,709.29,721.68,709.29,720.52,6401506
 2012-10-19,720.85,722.61,715.92,719.45,5538692
 2012-10-22,716.53,724.29,714.7,724.28,4823413
 2012-10-23,723.83,725.38,710.55,711.26,5466438
 2012-10-24,707.31,713.96,704.41,707.75,4503437
 2012-10-25,707.88,710.98,696.45,697.44,5334304
 2012-10-26,695.89,697.46,680.91,685.33,5193825
 2012-10-29,684.34,691.6,682.76,688.12,3560575
 2012-10-30,688.51,694.67,687.79,689.61,3599959
 2012-10-31,689.63,691.65,685.05,691.65,3571402
 2012-11-01,692.06,702.95,692.06,701.78,5259020
 2012-11-02,702.03,703.13,697.06,701.38,4204743
 2012-11-05,700.11,703.46,690.94,692.87,4639898
 2012-11-06,693.36,693.37,679.96,690.5,5455889
 2012-11-07,689.79,692.58,686.61,689.75,4386247
 2012-11-08,684.89,685.45,675.76,675.85,4815109
 2012-11-09,674.59,679.02,671.69,672.67,4163753
 2012-11-12,674.76,681.3,671.63,676.6,4382155
 2012-11-13,676.26,676.38,666.34,667.33,4886383
 2012-11-14,666.4,667.78,657.58,665.19,4510091
 2012-11-15,662.9,667.87,657.35,659.21,4555696
 2012-11-16,659.38,660.11,653.02,656.2,4490723
 2012-11-19,654.78,657.38,647.87,656.94,4604529
 2012-11-20,657.4,661.24,656.08,656.61,5259807
 2012-11-21,656.44,661.89,646.64,660.03,5876733
 2012-11-22,659.13,659.2,650.39,651.83,4934022
 2012-11-23,652.94,656.36,650.27,651.43,5051590
 2012-11-26,651.06,651.06,638.38,638.88,4251120
 2012-11-27,635.26,635.26,615.59,616.28,5938245
 2012-11-28,611.91,611.91,605.69,607.67,4225699
 2012-11-29,607.17,611.89,601.18,603.17,4185996
 2012-11-30,602.95,608.54,601.05,606.77,3821376
 2012-12-03,605.6,607.25,593.2,593.66,4334761
 2012-12-04,592.4,601.5,585.44,600.8,4819209
 2012-12-05,599.45,627.85,597.76,624.82,7126108
 2012-12-06,625.16,630.22,619.49,624.32,5574226
 2012-12-07,624.15,638.17,622.22,637.49,7409448
 2012-12-10,638.24,647.54,636.17,646.32,9109238
 2012-12-11,645.25,646.79,640.69,641.17,7556457
 2012-12-12,639.91,640.93,631.14,639.51,7066769
 2012-12-13,638.09,641.17,631.19,632.18,6302316
 2012-12-14,631.45,656.59,631.22,656.22,10223857
 2012-12-17,656.75,658.39,646.27,649.61,8774594
 2012-12-18,648.56,654.35,643.05,646.05,8205784
 2012-12-19,645.14,654.41,644.97,652.1,7097528
 2012-12-20,652.04,658.31,648.49,658.31,9026823
 2012-12-21,658.54,670.81,655.63,668.09,10835753
 2012-12-24,666.28,679.76,665.88,679.76,9262876
 2012-12-25,679.57,695.91,678.82,694.12,12040809
 2012-12-26,693.29,709.08,691.99,709.08,12975128
 2012-12-27,709.91,712.85,699.37,699.57,12521587
 2012-12-28,698.91,707.67,694.77,707.67,9936140
 2012-12-31,708.24,713.86,703.62,713.86,9208257
 2013-01-04,717.3,718.39,699.17,705.34,10144828
 2013-01-07,704.37,718.12,702.39,718.12,10828472
 2013-01-08,718.43,735.34,716.3,733.14,13556817
 2013-01-09,732.01,740.64,727.91,734.51,13175455
 2013-01-10,734.31,743.55,734.31,741.18,11541677
 2013-01-11,740.9,746.04,730.4,731.59,13876465
 2013-01-14,735.65,761.73,735.18,760.55,14605320
 2013-01-15,763.63,781.42,763.63,778.6,17366908
 2013-01-16,777.04,779.93,762.04,774.49,13673648
 2013-01-17,773.79,775.82,767.49,768.31,10598854
 2013-01-18,771.31,787.5,771.31,787.39,10860702
 2013-01-21,788.07,793.23,783.42,792.6,10446622
 2013-01-22,792.31,792.55,769.09,775.14,11331764
 2013-01-23,773.74,779.56,765.36,778.48,9171227
 2013-01-24,778.64,784.32,750.36,757.87,11159146
 2013-01-25,757.61,766.78,756.61,762.85,7258003
 2013-01-28,764.09,784.76,764.09,784.76,8328960
 2013-01-29,785.76,795.07,785.76,791.67,9819117
 2013-01-30,791.96,792.77,778.3,783.68,9572741
 2013-01-31,784.11,784.11,771.15,776.01,9124011
 2013-02-01,775.11,785.52,772.94,782.36,8442919
 2013-02-04,783.74,786.56,767.85,771.9,9158984
 2013-02-05,768.41,781.57,765.97,780.98,7394332
 2013-02-06,781.32,794.5,781.32,791.26,7177630
 2013-02-07,792.86,806.31,789.37,805.59,7153997
 2013-02-08,804.96,824.31,804.96,823.03,8513248
 2013-02-18,829.66,835.66,825.95,835.28,10496588
 2013-02-19,834.97,835.41,816.96,819.71,9619500
 2013-02-20,819.03,850.86,819.03,850.86,10784608
 2013-02-21,846.64,853.27,829.6,839.3,12723522
 2013-02-22,837.13,848.16,836.87,838.76,9580222
 2013-02-25,838.88,857.85,838.88,855.69,10134053
 2013-02-26,853.28,865.8,849.94,851.22,11871814
 2013-02-27,852.13,856.12,835.94,846.09,10080143
 2013-02-28,846.34,861.1,844.2,861.1,10356164
 2013-03-01,860.8,885.18,859.83,884.89,13695510
 2013-03-04,880.25,888.79,855.05,863.5,13807495
 2013-03-05,861.23,888.32,857.54,888.1,10776581
 2013-03-06,890.23,905.16,890.23,902.9,13402306
 2013-03-07,902.41,902.41,867.87,877.34,12172461
 2013-03-08,877.73,882.14,861.81,864.7,8671512
 2013-03-11,863.12,872.18,858.04,869.15,6526881
 2013-03-12,869.72,873.47,828.04,839.84,10783893
 2013-03-13,835.46,836.28,821.35,834.05,7152213
 2013-03-14,832.29,845.6,831.57,842.04,6051635
 2013-03-15,841.71,867.87,839.58,853.91,7882427
 2013-03-18,852.15,862.82,850.1,852.12,6612163
 2013-03-19,850.06,854.25,829.19,842.69,6628980
 2013-03-20,842.71,866.27,842.58,866.27,7972105
 2013-03-21,867.9,885.98,866.68,882.73,9362198
 2013-03-22,881.9,884.24,876.92,882,7336864
 2013-03-25,882.75,884.85,874.01,881.76,6744977
 2013-03-26,878.56,879.85,862.67,876.36,7059627
 2013-03-27,876.55,885.77,874.25,882.75,6436412
 2013-03-28,877.85,877.85,861.65,867.51,7385805
 2013-03-29,868.09,872.78,860.96,866.46,5532532
 2013-04-01,866.65,879.92,865.98,877,5866251
 2013-04-02,875.33,883.15,843.21,845.16,7456575
 2013-04-03,842.36,845.49,827.27,835.14,6106939
 2013-04-08,824.78,853.62,817.35,853.48,6575442
 2013-04-09,854.51,864.12,853.94,861.99,5703842
 2013-04-10,861.27,861.91,843.1,850.53,5556804
 2013-04-11,853.14,855.96,847.39,847.78,4771678
 2013-04-12,847.2,854.22,845.85,846.61,4371018
 2013-04-15,844.11,845.75,834.01,836.34,3993101
 2013-04-16,828.94,846.05,824.84,846.05,4382004
 2013-04-17,845.09,867.51,844.92,867.51,5291209
 2013-04-18,862.7,876,860.72,873.48,6084981
 2013-04-19,874.88,895.87,874.88,892.21,8028408
 2013-04-22,890.93,916.02,889.26,916.02,8193787
 2013-04-23,916.42,916.54,892.11,893.79,8480976
 2013-04-24,894.69,925.01,894.69,923.41,8772878
 2013-04-25,924.22,937.56,903.61,903.63,10505929
 2013-04-26,902,904.3,886.4,889.38,7160700
 2013-05-02,887.08,914.17,883.79,913.65,5383285
 2013-05-03,916.01,940.28,916.01,939.21,7910952
 2013-05-06,941.09,962.63,941.09,958.02,10341541
 2013-05-07,956.42,964.71,949.84,957.44,9122569
 2013-05-08,960.98,980.08,960.7,980.08,10723616
 2013-05-09,978.94,994.27,978.07,992.16,13408967
 2013-05-10,989.15,996.59,977.43,988.3,12371031
 2013-05-13,989.37,995.25,978.72,995.11,10894688
 2013-05-14,992.62,992.62,971.35,976.33,10262555
 2013-05-15,976.95,1012.67,976.95,1012.66,11464506
 2013-05-16,1010.95,1034.35,999.49,1009.53,16214896
 2013-05-17,1006.47,1029.11,1004.42,1023.4,13263336
 2013-05-20,1025.17,1052.7,1025.17,1051.65,16894820
 2013-05-21,1049.6,1074.89,1045.46,1073.58,17795688
 2013-05-22,1067.44,1067.5,1036.31,1039.81,17050076
 2013-05-23,1035.31,1061.53,1033.12,1042.9,14146082
 2013-05-24,1044.29,1073.78,1044.29,1073.78,15023081
 2013-05-27,1075.83,1091.25,1075.83,1089.72,16132261
 2013-05-28,1089.77,1090.16,1055.64,1059,15413444
 2013-05-29,1055.6,1067.03,1053.18,1065.96,11569456
 2013-05-30,1063,1078.46,1059.83,1073.87,12702507
 2013-05-31,1074.48,1086.33,1068.07,1073.02,14032823
 2013-06-03,1070.73,1074.82,1050.21,1052.14,12668299
 2013-06-04,1049.1,1049.26,1011.4,1022.46,12745387
 2013-06-05,1021.02,1038.03,1021.02,1032.76,9397943
 2013-06-06,1027.05,1031.36,1020.83,1022.13,9843383
 2013-06-07,1022.56,1039.65,1018.45,1030.14,10557897
 2013-06-13,1019.47,1029.28,986.05,1029.28,9936155
 2013-06-14,1029.93,1069.81,1029.93,1068.15,11803686
 2013-06-17,1074.53,1091.91,1068.61,1073.69,13475017
 2013-06-18,1073.31,1078.53,1053.33,1072.93,11576012
 2013-06-19,1064.74,1070.35,1053.8,1067.63,10743146
 2013-06-20,1060.38,1067.95,1027.84,1029.53,11540617
 2013-06-21,1007.87,1030.13,988.22,1025.5,11389660
 2013-06-24,1023.22,1023.22,961.84,971.45,12623825
 2013-06-25,958.35,991.64,903.67,984.75,15317767
 2013-06-26,984.94,1039.01,984.88,1038.98,16903148
 2013-06-27,1043.66,1063.02,1020.46,1022.5,17666648
 2013-06-28,1012.64,1037.42,1002.19,1011.66,12387924
 2013-07-01,1011.27,1055.84,1005.8,1055.84,12474594
 2013-07-02,1056.91,1086.4,1056.91,1083.25,15790757
 2013-07-03,1079.65,1108.49,1065.51,1104.58,16168071
 2013-07-04,1097.77,1105.79,1085.4,1087.9,14852731
 2013-07-05,1087.69,1091.82,1057.13,1057.27,13408042
 2013-07-08,1035.94,1057.04,1015.67,1030.6,12582243
 2013-07-09,1028.56,1051.51,1026.46,1050.72,10557293
 2013-07-10,1049.21,1069.39,1048.73,1068.86,12160100
 2013-07-11,1066.7,1082.78,1057.44,1080.78,13950763
 2013-07-12,1079.33,1117.69,1077.31,1096.3,15481149
 2013-07-15,1096.19,1139.57,1096.19,1139.57,17356196
 2013-07-16,1141.57,1153.07,1129.74,1143.2,17169448
 2013-07-17,1140.73,1149.47,1118.85,1129.48,17598208
 2013-07-18,1124.79,1138.09,1118.63,1127.97,16214187
 2013-07-19,1125.77,1156.09,1116.01,1116.01,18433528
 2013-07-22,1109.96,1153.77,1107.34,1153.77,15878729
 2013-07-23,1161.08,1179.46,1160.45,1178.59,19928652
 2013-07-24,1181.36,1208.13,1177.59,1203.31,20958972
 2013-07-25,1205.62,1207.23,1148.81,1150.39,20110376
 2013-07-26,1150.25,1166.21,1133.16,1158.35,14411688
 2013-07-29,1155.81,1168.47,1136.4,1136.98,13991334
 2013-07-30,1137.15,1147.02,1095.65,1124.1,13415517
 2013-07-31,1126.1,1143.37,1117.34,1134.02,11352306
 2013-08-01,1135.45,1191.12,1135.45,1190.11,16891922
 2013-08-02,1196.17,1208.33,1187.31,1188.85,19517892
 2013-08-05,1186.73,1202.83,1182.54,1202.83,16244668
 2013-08-06,1202.09,1219.12,1200.69,1211.78,16970664
 2013-08-07,1208.5,1209.37,1173.26,1175.7,16533909
 2013-08-08,1172.09,1195.92,1165.32,1185.96,12980114
 2013-08-09,1185.64,1194.78,1153.45,1172.52,14222932
 2013-08-12,1174.09,1185.37,1146.02,1161.87,14338272
 2013-08-13,1161.49,1180.61,1151.68,1172.33,13353812
 2013-08-14,1175.63,1186.29,1160.02,1180.66,16202466
 2013-08-15,1177.85,1184.4,1165.77,1167.09,15192214
 2013-08-16,1158.96,1178.84,1131.44,1132.09,15946678
 2013-08-19,1126.64,1172.03,1125.59,1171.4,13073910
 2013-08-20,1170.99,1180.99,1164.38,1175.78,15348980
 2013-08-21,1173.61,1185.54,1169.49,1181.34,14205580
 2013-08-22,1180.19,1204.59,1178.41,1197.13,15582737
 2013-08-23,1200.68,1225.89,1188.82,1219.83,18475568
 2013-08-26,1220.98,1241.47,1220.58,1238.17,15475788
 2013-08-27,1238.27,1251.04,1226.38,1250.75,15101603
 2013-08-28,1244.01,1253.4,1228,1228,16908632
 2013-08-29,1224.61,1236.46,1217.52,1226.3,12459208
 2013-08-30,1221.87,1226.36,1181.89,1185.15,15474750
 2013-09-02,1179.32,1210.53,1178.01,1210.19,9910558
 2013-09-03,1217.77,1234.59,1214.3,1234.59,10850674
 2013-09-04,1233.5,1245.78,1227.32,1236.35,11878652
 2013-09-05,1233.82,1267.53,1233.26,1267.26,13692141
 2013-09-06,1267.84,1288.26,1261.58,1282.75,14537532
 2013-09-09,1282.65,1283.7,1258.13,1275.91,15545329
 2013-09-10,1277.87,1278.04,1254.01,1263.59,14939381
 2013-09-11,1256.66,1256.66,1216.37,1220.71,16208156
 2013-09-12,1215.69,1236.59,1211.6,1220.63,10582306
 2013-09-13,1221.15,1256.04,1210.4,1253.45,11193164
 2013-09-16,1254.47,1297.64,1254.47,1278.8,12435700
 2013-09-17,1279.26,1285.63,1267.71,1269.36,11536022
 2013-09-18,1268.34,1292.33,1262.33,1289.64,11226571
 2013-09-23,1292.76,1326.41,1291.33,1326.09,15010865
 2013-09-24,1325.89,1340.52,1310.33,1328.4,16213363
 2013-09-25,1324.19,1344.39,1320.11,1323.04,14115350
 2013-09-26,1318.52,1332.12,1301.14,1306.34,13170773
 2013-09-27,1305.51,1330.69,1301.48,1323.76,12841526
 2013-09-30,1329.56,1368.66,1329.56,1367.91,11271965
 2013-10-08,1376.37,1389.73,1363.9,1387.66,14307748
 2013-10-09,1385.96,1418.48,1382.1,1415.83,15712792
 2013-10-10,1422.36,1423.97,1377.32,1378.15,17595100
 2013-10-11,1377.98,1386.54,1357.49,1379.9,15418385
 2013-10-14,1374.47,1394.34,1370.72,1393.6,15929058
 2013-10-15,1397.21,1409.5,1378.81,1389.75,17424880
 2013-10-16,1393.01,1393.1,1323.87,1335.1,16294064
 2013-10-17,1339.31,1355.65,1317.75,1322.99,16227186
 2013-10-18,1327.1,1353.97,1327.1,1349.94,13405969
 2013-10-21,1358.88,1403.11,1358.88,1400.97,17347150
 2013-10-22,1401.47,1408.46,1348.69,1350.47,21904618
 2013-10-23,1336.23,1336.23,1293.82,1311.23,17911764
 2013-10-24,1307.11,1319.37,1287.88,1295.93,12197037
 2013-10-25,1298.72,1304.49,1255.59,1269.17,14500064
 2013-10-28,1264.14,1286,1262.34,1279.05,12298115
 2013-10-29,1276.27,1292.97,1205,1261.68,17475128
 2013-10-30,1256.24,1274.34,1251.01,1273.29,12776898
 2013-10-31,1266.56,1266.56,1232.4,1235.56,11966456
 2013-11-01,1227.69,1233.57,1198.81,1221.96,11666154
 2013-11-04,1217.28,1240.88,1216.85,1222.46,10090941
 2013-11-05,1217.64,1260.37,1208.35,1260.03,12312914
 2013-11-06,1255.47,1277.43,1241.76,1241.79,13869196
 2013-11-07,1234.24,1250.57,1219.31,1224.05,10827570
 2013-11-08,1215.68,1226.32,1204.52,1211.11,10027417
 2013-11-11,1208.26,1223.77,1191.18,1212.69,9151372
 2013-11-12,1213.31,1233.19,1209.54,1228.35,11849087
 2013-11-13,1226.53,1236.39,1210.66,1212.08,11896718
 2013-11-14,1207.45,1251.77,1200.71,1249.67,14711835
 2013-11-15,1248.26,1287.08,1248.07,1269.05,17592110
 2013-11-18,1275.55,1295.21,1275.55,1291.15,17372800
 2013-11-19,1293.06,1312.07,1289.91,1298.17,17254948
 2013-11-20,1299.68,1303.45,1283.66,1299.26,14999286
 2013-11-21,1295.93,1304.74,1288.21,1298.95,15510614
 2013-11-22,1298.47,1300.96,1283.88,1295.07,13785260
 2013-11-25,1290.84,1305.23,1283.66,1293.8,13616777
 2013-11-26,1291.62,1299.67,1280.01,1291.85,14632953
 2013-11-27,1290.19,1336.17,1288.58,1329.48,17314918
 2013-11-28,1333.05,1342.82,1331.45,1336.66,17112566
 2013-11-29,1335.63,1369.12,1335.63,1366.83,20077894
 2013-12-02,1296.7,1317.69,1253.34,1253.93,22464032
 2013-12-03,1223.38,1261.77,1198.06,1255.33,19229992
 2013-12-04,1249.59,1276.06,1240.08,1240.29,17508512
 2013-12-05,1234.5,1236.1,1200.46,1202.07,15902429
 2013-12-06,1196.32,1215.49,1194.75,1206.78,11847877
 2013-12-09,1211.39,1241.77,1211.39,1241.72,12274145
 2013-12-10,1244.57,1249.36,1227.06,1231.92,12573792
 2013-12-11,1230.78,1255.06,1226.58,1244.51,11848543
 2013-12-12,1242.15,1285.27,1238.95,1279.32,13711614
 2013-12-13,1274.17,1286.72,1268.65,1278.14,13409044
 2013-12-16,1279.06,1293.94,1266.94,1279.96,14699192
 2013-12-17,1278.53,1282.17,1248.82,1267.67,13695909
 2013-12-18,1267.77,1267.77,1245.96,1256,12548336
 2013-12-19,1253.43,1281.82,1253.43,1256.08,12168729
 2013-12-20,1255.82,1266.03,1246.39,1253.71,10887876
 2013-12-23,1251.41,1253.67,1224.99,1242.81,11405589
 2013-12-24,1242,1264.72,1241.91,1258.82,12160292
 2013-12-25,1262,1288.85,1258.41,1288.34,15466452
 2013-12-26,1290.87,1297.47,1268.14,1269.54,15968421
 2013-12-27,1265.08,1297.62,1265.08,1294.3,16428741
 2013-12-30,1294.42,1307.99,1292.83,1307.99,17242560
 2013-12-31,1302.67,1309.34,1288.94,1304.44,14670009
 2014-01-02,1302.3,1333.1,1299.34,1333,16376142
 2014-01-03,1332.35,1355.12,1331.97,1352.84,19116662
 2014-01-06,1350.31,1354.15,1322.72,1323.33,17027572
 2014-01-07,1315.44,1355.4,1312.27,1352.28,14884362
 2014-01-08,1363.31,1409.21,1363.31,1405.02,22492878
 2014-01-09,1401.8,1423.84,1379.65,1380.24,20653468
 2014-01-10,1373.52,1385.86,1347.61,1353.3,13861382
 2014-01-13,1352.01,1374.15,1349.25,1362.79,12307289
 2014-01-14,1364.8,1400.92,1364.8,1400.92,15252891
 2014-01-15,1399.67,1417.42,1397.95,1415.32,16945264
 2014-01-16,1415.57,1423.12,1392.01,1395.16,17455992
 2014-01-17,1395.03,1411.55,1391.62,1395.51,15810389
 2014-01-20,1393.88,1400.94,1362.45,1372.74,16202711
 2014-01-21,1370.69,1407.45,1370.69,1407.15,17582378
 2014-01-22,1407.46,1432,1407.46,1431.74,20805984
 2014-01-23,1433.7,1472.34,1433.17,1461.53,22799104
 2014-01-24,1458.21,1493.64,1455.95,1484.43,22093328
 2014-01-27,1477.46,1500.46,1465.14,1477.67,20450628
 2014-01-28,1476.59,1486.42,1448.47,1471.34,16541491
 2014-01-29,1472.54,1497.72,1469.58,1496.53,16506821
 2014-01-30,1494.12,1507.87,1486.82,1495.98,14843349
 2014-02-07,1489.05,1532.82,1483.69,1532.69,15892295
 2014-02-10,1536.99,1557.03,1525.94,1553.42,21682496
 2014-02-11,1550.62,1559.77,1506.04,1527.15,22927988
 2014-02-12,1527.1,1540.33,1513.91,1539.97,21319228
 2014-02-13,1537.26,1539.66,1484.42,1485.13,22065732
 2014-02-14,1484.56,1516.43,1475.95,1515.78,17613824
 2014-02-17,1521.17,1559.12,1521.17,1558.62,21744952
 2014-02-18,1558.74,1561.77,1539.21,1545.34,22319416
 2014-02-19,1544.64,1551.88,1524.39,1544.4,20648878
 2014-02-20,1545.26,1545.51,1504.17,1515.16,18896408
 2014-02-21,1512.17,1526.03,1503.81,1519.67,14334863
 2014-02-24,1517.97,1542.31,1510.46,1540.03,16353711
 2014-02-25,1543.97,1571.4,1460.41,1472.69,25248336
 2014-02-26,1452.06,1468,1415.25,1465.99,16707338
 2014-02-27,1467.27,1496.62,1410.97,1414.66,17271362
 2014-02-28,1410.4,1436.88,1393,1434.89,13321363
 2014-03-03,1433.9,1466.23,1431.14,1465.14,13234945
 2014-03-04,1462.26,1475.5,1446.27,1460.45,13269342
 2014-03-05,1467.06,1471.04,1454.94,1464.58,12673360
 2014-03-06,1461.12,1464.41,1427,1462.53,13201713
 2014-03-07,1463.93,1477.96,1453.63,1460.61,13195195
 2014-03-10,1446.06,1446.06,1404.59,1407.07,13398525
 2014-03-11,1399.9,1410.38,1380.97,1395.81,11194251
 2014-03-12,1390.86,1418.61,1378.89,1399.27,11410842
 2014-03-13,1401.55,1437.15,1401.43,1436.86,9633420
 2014-03-14,1433.46,1450.38,1424.01,1434.02,9565163
 2014-03-17,1436.11,1477.68,1435.32,1477.42,11510241
 2014-03-18,1479.38,1493.39,1478.72,1485.64,13605173
 2014-03-19,1481.49,1482.3,1456.9,1466.22,12309232
 2014-03-20,1463.07,1466.42,1417.17,1417.66,13673304
 2014-03-21,1405.9,1427.92,1379.74,1419.84,12203934
 2014-03-24,1411.78,1416.86,1392.51,1397.29,11350111
 2014-03-25,1392.14,1410.48,1385,1394.82,9708193
 2014-03-26,1396.91,1424.25,1396.91,1417.61,10503642
 2014-03-27,1415.55,1417.36,1367.96,1367.96,11704150
 2014-03-28,1363.87,1364.26,1317.41,1330.5,12565198
 2014-03-31,1327.23,1340.47,1315.49,1327.8,8067195
 2014-04-01,1327.18,1355.74,1326.25,1355.05,8320095
 2014-04-02,1356.68,1360.88,1316.9,1327.98,8936018
 2014-04-03,1326.81,1344.32,1318.82,1326.18,8771988
 2014-04-04,1323.41,1347.05,1316.95,1346.74,8297504
 2014-04-08,1335.39,1351.83,1327.8,1351.18,9691708
 2014-04-09,1355.37,1376.69,1355.37,1370.46,11938833
 2014-04-10,1374.61,1395.04,1374.61,1381.14,14063900
 2014-04-11,1370.4,1370.4,1352.13,1363.9,10808003
 2014-04-14,1367.75,1378.32,1367.75,1372.73,9870846
 2014-04-15,1375.69,1380.86,1367.23,1369.89,9744830
 2014-04-16,1365.83,1367.91,1353.78,1359.3,8503591
 2014-04-17,1360.75,1373.85,1360.75,1367.59,8546019
 2014-04-18,1365.36,1377.84,1362.61,1377.42,8829689
 2014-04-21,1367.93,1384.69,1363.01,1363.85,9889346
 2014-04-22,1361.58,1367.63,1317.1,1336.19,10385272
 2014-04-23,1332.93,1338.67,1318.24,1326.44,7666299
 2014-04-24,1325.86,1326.96,1303.23,1319.51,8919226
 2014-04-25,1316.37,1318.07,1290.36,1291.9,8835224
 2014-04-28,1283.64,1283.87,1256.12,1257.26,9609466
 2014-04-29,1253.24,1274.21,1248.32,1266.54,7814229
 2014-04-30,1266.34,1287.77,1266.34,1283.21,7374832
 2014-05-05,1281.16,1302.68,1279.31,1302.15,7805789
 2014-05-06,1301.59,1327.8,1301.59,1316.86,9736761
 2014-05-07,1313.38,1313.38,1289.56,1290.03,9100635
 2014-05-08,1284.44,1300.83,1279.29,1279.84,8548140
 2014-05-09,1279.68,1282.82,1249.56,1258.58,8506314
 2014-05-12,1263.92,1281.1,1250.94,1278.28,8980389
 2014-05-13,1274.57,1293.82,1273.33,1276.24,9329826
 2014-05-14,1273.21,1282.35,1269.24,1278.66,8878107
 2014-05-15,1276.64,1283.43,1253.62,1253.88,10236024
 2014-05-16,1250.38,1252.39,1210.81,1226.47,9953688
 2014-05-19,1224.65,1233.84,1213.99,1228.37,8545538
 2014-05-20,1239.65,1261.94,1239.65,1244.65,10926750
 2014-05-21,1241.02,1257.8,1231.87,1257.8,9256264
 2014-05-22,1259.87,1287.87,1259.87,1269.51,12565253
 2014-05-23,1269.18,1296.84,1262.1,1296,12017865
 2014-05-26,1301.87,1323.84,1301.87,1320.76,15387081
 2014-05-27,1319.66,1319.66,1303.15,1306.28,13090007
 2014-05-28,1306.29,1339.03,1306.29,1338.97,16564285
 2014-05-29,1338.3,1341.57,1312.42,1314.21,14197108
 2014-05-30,1312.3,1323.59,1300.09,1318.13,12574903
 2014-06-03,1317.99,1332.78,1317.99,1319.63,12791586
 2014-06-04,1318.33,1321.72,1303.36,1321.72,13109901
 2014-06-05,1320.14,1356.53,1317.53,1355.48,15641622
 2014-06-06,1354.91,1362.98,1340.83,1350.45,16552682
 2014-06-09,1348.77,1349.92,1326.63,1326.68,13532664
 2014-06-10,1327.11,1356.97,1316.84,1353.87,15779122
 2014-06-11,1350.38,1371.25,1348.4,1367.39,18025290
 2014-06-12,1364.41,1375.98,1358.08,1363.74,17077624
 2014-06-13,1361.09,1386.35,1359.65,1382.73,18362712
 2014-06-16,1384.16,1397.63,1384.16,1395.61,19278958
 2014-06-17,1396.38,1396.38,1377.4,1377.43,17134808
 2014-06-18,1377.58,1384.87,1363.75,1363.99,15282855
 2014-06-19,1363.45,1370.31,1310.49,1320.66,16903318
 2014-06-20,1319.11,1335.65,1313.14,1333.98,11907174
 2014-06-23,1335.18,1366.59,1335.18,1361.28,14514949
 2014-06-24,1360.08,1372.16,1359.13,1369.44,14517845
 2014-06-25,1368.66,1368.66,1347.82,1358.71,13895424
 2014-06-26,1360.2,1391.3,1360.2,1386.27,18635116
 2014-06-27,1388.38,1397.96,1382.07,1388.82,18283794
 2014-06-30,1388.47,1404.71,1374.3,1404.71,18787736
 2014-07-01,1405.44,1415.33,1398.15,1411.74,19457800
 2014-07-02,1413.17,1425.3,1402.22,1419.94,20532464
 2014-07-03,1419.81,1428.67,1412.16,1422.6,20417852
 2014-07-04,1421.68,1423.89,1406.21,1411.64,19215140
 2014-07-07,1411.99,1411.99,1381.94,1393.89,18228060
 2014-07-08,1392.35,1410.73,1379.49,1410.73,18990540
 2014-07-09,1410.39,1418.68,1384.26,1384.58,21751112
 2014-07-10,1384.45,1387.89,1362.35,1363.88,16514057
 2014-07-11,1361.57,1372.12,1351.77,1359.34,15365743
 2014-07-14,1358.17,1367.82,1342.56,1367.07,17042172
 2014-07-15,1364.08,1366.16,1332.87,1341.27,19208904
 2014-07-16,1338.92,1344.36,1310.86,1318.62,16034403
 2014-07-17,1315.09,1323.24,1304.58,1312.81,11842502
 2014-07-18,1309.96,1321.93,1300.76,1305.92,11155743
 2014-07-21,1304.72,1313.56,1287.24,1306.97,12051162
 2014-07-22,1306.32,1330.29,1305.03,1329.35,12251800
 2014-07-23,1330.14,1332.36,1287.64,1293.09,14436101
 2014-07-24,1291.49,1291.49,1255.69,1271.88,14051676
 2014-07-25,1271.43,1288.67,1270.37,1285.77,10526882
 2014-07-28,1289.1,1316.04,1286.66,1314.53,13836976
 2014-07-29,1315.75,1337.53,1310.84,1331.76,15257236
 2014-07-30,1330.19,1345.35,1329.07,1342.74,15005274
 2014-07-31,1342.73,1346.22,1334.26,1344.54,13773804
 2014-08-01,1339.98,1343.58,1324.19,1325.94,16091302
 2014-08-04,1325.01,1331.8,1324.26,1329.82,12393537
 2014-08-05,1330.32,1363.12,1321.2,1360.69,19490644
 2014-08-06,1357.53,1368.53,1353.95,1365.74,15491641
 2014-08-07,1365.18,1381.46,1361.33,1362.03,16000260
 2014-08-08,1368.06,1381.44,1368.06,1377.44,14450098
 2014-08-11,1379.47,1397.97,1379.47,1397.78,17239952
 2014-08-12,1398.15,1402.75,1393.11,1396.44,17256326
 2014-08-13,1396.26,1397.1,1370.08,1384.31,18046572
 2014-08-14,1384.72,1394.52,1378.95,1380.3,18617046
 2014-08-15,1382.87,1392.49,1377.93,1392.45,17949342
 2014-08-18,1394.64,1429,1394.64,1428.74,22445292
 2014-08-19,1436.42,1446.79,1427.06,1436.4,24187900
 2014-08-20,1438.29,1438.29,1421.92,1427.4,19028784
 2014-08-21,1428.63,1447.91,1421.24,1447.88,19577488
 2014-08-22,1450.1,1465.67,1446.04,1461.72,22099972
 2014-08-25,1461.21,1461.49,1439.86,1443.81,19962446
 2014-08-26,1440.7,1443.6,1406.34,1411.15,18360054
 2014-08-27,1411.76,1427.32,1411.76,1420.54,13789763
 2014-08-28,1423.34,1424.29,1398.56,1403.8,13699751
 2014-08-29,1400.84,1424.47,1400.83,1424.47,11562446
 2014-09-01,1428.37,1453.12,1427.93,1452.84,15490858
 2014-09-02,1457.51,1465.04,1452.71,1465.03,20826444
 2014-09-03,1468.09,1479.83,1461.23,1477.67,23968684
 2014-09-04,1478.33,1495.81,1472.89,1495.51,24424652
 2014-09-05,1497.99,1498.26,1482.04,1489.84,21209164
 2014-09-09,1492.45,1497.42,1479.06,1494.02,21566028
 2014-09-10,1491.41,1506.47,1484.71,1504.91,21773264
 2014-09-11,1506,1532.31,1502.39,1513.01,26218382
 2014-09-12,1512.4,1524.33,1506.88,1524.12,20829284
 2014-09-15,1522.57,1528.57,1517.3,1526.14,23470990
 2014-09-16,1527.07,1529.4,1471.61,1473.13,27119820
 2014-09-17,1473.52,1481.06,1456.5,1479.12,17503912
 2014-09-18,1477.31,1492.61,1474.65,1490.79,15765159
 2014-09-19,1492.1,1501.39,1486.28,1499.12,16834430
 2014-09-22,1496.96,1496.96,1480.18,1483.35,18443516
 2014-09-23,1485.51,1502.04,1483.04,1500.99,17264768
 2014-09-24,1501.04,1517.42,1497.89,1517.42,20795696
 2014-09-25,1520.1,1523.25,1505.65,1508.42,22699612
 2014-09-26,1506.31,1512.8,1502.5,1511.36,18315996
 2014-09-29,1515.38,1526.36,1515.38,1526.18,21163796
 2014-09-30,1527.26,1540.95,1527.26,1540.87,19584148
 2014-10-08,1543.59,1557.57,1537.01,1557.57,21221706
 2014-10-09,1562.1,1569.06,1541.67,1561.17,25641920
 2014-10-10,1559.93,1563.87,1546.22,1554.22,22691636
 2014-10-13,1548.18,1548.88,1527.7,1548.33,21551880
 2014-10-14,1546.67,1560.06,1532.44,1539.12,20848818
 2014-10-15,1539.35,1545.75,1527.19,1545.62,19598464
 2014-10-16,1539.86,1551.84,1526.54,1526.56,20861354
 2014-10-17,1527.46,1529.55,1488.47,1511.05,20135108
 2014-10-20,1513.42,1532.38,1513.42,1532.38,14849203
 2014-10-21,1535.07,1537.67,1515.93,1517.48,15816636
 2014-10-22,1518.8,1524.8,1503.82,1504.55,15915656
 2014-10-23,1500.55,1501.72,1474.04,1477.84,16279293
 2014-10-24,1478.34,1493.53,1473.06,1477.59,12401052
 2014-10-27,1473.66,1492.01,1465.96,1492.01,14263073
 2014-10-28,1495.69,1522.05,1495.69,1522.05,17756332
 2014-10-29,1525.98,1535.8,1524.08,1530.08,21378044
 2014-10-30,1532.91,1539.21,1522.64,1525.77,19050520
 2014-10-31,1527.61,1529.55,1502.25,1513.27,18562324
 2014-11-03,1513.25,1529.9,1513.2,1529.89,17033744
 2014-11-04,1531.82,1538.18,1514.47,1516.4,17887450
 2014-11-05,1514.77,1517.02,1505.98,1512.49,14780292
 2014-11-06,1513.72,1532.87,1510.78,1532.52,15875527
 2014-11-07,1535.49,1543.72,1517.29,1522.63,20891040
 2014-11-10,1525.2,1526.38,1506.8,1514.82,16067553
 2014-11-11,1513.53,1514.37,1452.03,1461.51,21596510
 2014-11-12,1457.24,1476.03,1455.09,1475.75,13969499
 2014-11-13,1473.74,1473.74,1434.27,1442.86,17414928
 2014-11-14,1438.97,1449.1,1435.5,1441.21,12663598
 2014-11-17,1444.06,1474.36,1437.99,1471.69,13918227
 2014-11-18,1471.08,1483.14,1470.51,1481.86,12484839
 2014-11-19,1488.46,1509.73,1488.46,1505.55,15606058
 2014-11-20,1504.58,1504.58,1491.65,1494.59,14503131
 2014-11-21,1493.16,1508.22,1493.16,1504.83,15206725
 2014-11-24,1513.43,1515.84,1497.85,1507.81,18094254
 2014-11-25,1510.62,1541.92,1510.25,1541.92,21329324
 2014-11-26,1544.69,1561.3,1544.1,1554.22,21577370
 2014-11-27,1557.77,1566.83,1548.29,1563.41,23686674
 2014-11-28,1562.83,1582.48,1558.31,1570.85,25520128
 2014-12-01,1569.65,1569.65,1544.18,1552.31,22709752
 2014-12-02,1554.46,1567.54,1552.13,1565.42,20650692
 2014-12-03,1568.47,1604.88,1540.42,1604.45,30089868
 2014-12-04,1604.89,1631.31,1604.89,1621.85,26899516
 2014-12-05,1626.12,1626.12,1544.47,1581.91,29046140
 2014-12-08,1575.3,1600.87,1554.79,1567.16,26040994
 2014-12-09,1557.02,1577.75,1504.23,1504.62,29630278
 2014-12-10,1499.33,1576.89,1499.33,1572.69,22694196
 2014-12-11,1572.61,1593.38,1563.32,1587.67,22251396
 2014-12-12,1588.24,1626.34,1586.75,1623.57,21641050
 2014-12-15,1623.6,1664.26,1619.7,1657.5,22168990
 2014-12-16,1665.3,1674.98,1636.18,1649.58,20250356
 2014-12-17,1639.15,1652.98,1623.7,1644.21,20235828
 2014-12-18,1641.58,1663.67,1633.26,1634.05,17653812
 2014-12-19,1627.8,1627.8,1568.98,1596.81,19852326
 2014-12-22,1583.96,1583.96,1510.05,1517.93,21296532
 2014-12-23,1501.53,1543.35,1489.12,1496.53,16067375
 2014-12-24,1502.67,1524.27,1501.23,1519.8,14578911
 2014-12-25,1522,1531.64,1514.23,1529.47,14030107
 2014-12-26,1531.2,1539.16,1524.01,1536.08,13861501
 2014-12-29,1531.12,1531.12,1491.21,1499.4,18402872
 2014-12-30,1491.1,1493.44,1450.05,1460.11,16799418
 2014-12-31,1455.68,1479.86,1451.29,1471.76,14413885
 2015-01-05,1470.58,1470.58,1429.08,1464.77,17918524
 2015-01-06,1458.57,1542.15,1454.14,1539.83,23463900
 2015-01-07,1542.4,1547.25,1517.37,1523.39,18445958
 2015-01-08,1516.83,1565.77,1516.83,1541.89,18696816
 2015-01-09,1535.33,1583.75,1534.61,1553.24,18988280
 2015-01-12,1552.05,1587.18,1550.62,1586.12,16188545
 2015-01-13,1587.69,1611.13,1578.4,1601.17,17954628
 2015-01-14,1598.72,1605.16,1579.55,1588.01,15881401
 2015-01-15,1584.68,1606.56,1578.22,1586.34,14727005
 2015-01-16,1586.71,1641.53,1586.64,1639.56,18420218
 2015-01-19,1608.25,1691.14,1599.66,1630.06,26167228
 2015-01-20,1635.57,1700.94,1635.57,1700.85,26255330
 2015-01-21,1704.1,1729.84,1701.87,1722.58,29807348
 2015-01-22,1723.24,1744.08,1716.39,1744.04,25850792
 2015-01-23,1742.09,1742.09,1693.52,1697.29,23622924
 2015-01-26,1698.99,1740.37,1698.99,1739.79,20324148
 2015-01-27,1742.47,1754.21,1715.53,1743.68,22208742
 2015-01-28,1741.07,1759,1727.92,1731.41,22204674
 2015-01-29,1717.4,1733.63,1709.36,1711.37,17053768
 2015-01-30,1712.85,1721.14,1679.69,1680.58,17600388
 2015-02-02,1667.12,1708.71,1660.05,1696.83,16017327
 2015-02-03,1703.93,1762.73,1703.93,1750.91,22107002
 2015-02-04,1753.77,1770.2,1743.02,1757.74,21675340
 2015-02-05,1757.23,1809.72,1741.96,1774.31,27268284
 2015-02-06,1772.35,1783.62,1725.64,1730.97,22554474
 2015-02-09,1727.22,1753.5,1702.56,1708.85,17274076
 2015-02-10,1707.26,1747.86,1700.88,1747.68,14723102
 2015-02-11,1748.23,1783.24,1748.23,1772.85,17429104
 2015-02-12,1777.22,1799.46,1776.35,1788.81,18833004
 2015-02-13,1798.54,1828.24,1796.41,1825.49,23434640
 2015-02-16,1836.71,1897.66,1836.71,1896.63,25701182
 2015-02-17,1908.18,1909.91,1873.17,1894.31,20837924
 2015-02-25,1899.39,1909.65,1872.1,1876.75,22085808
 2015-02-26,1875.33,1891.78,1847.73,1880.39,22057948
 2015-02-27,1880.63,1928.04,1880.63,1928.04,25087030
 2015-03-02,1944.11,1987.8,1940.32,1986.99,32869532
 2015-03-03,1987.33,2004.03,1961.01,1961.74,33661208
 2015-03-04,1960.54,2011.08,1960.54,2009.83,29329328
 2015-03-05,2015.7,2032.22,1997.46,2014.79,30333940
 2015-03-06,2016.81,2018.18,1949.29,1951.4,27454184
 2015-03-09,1941.42,1996.9,1932.82,1994.39,23708890
 2015-03-10,2001.19,2048.3,2001.19,2045.32,26879784
 2015-03-11,2050.76,2054.77,2022.32,2035.83,27548628
 2015-03-12,2034.62,2054.39,1984.91,2018.13,27515748
 2015-03-13,2020.66,2070.95,2011.17,2069.07,25475092
 2015-03-16,2088.2,2144.78,2088.2,2142.67,34782784
 2015-03-17,2149.37,2164.49,2117.78,2137.46,37031744
 2015-03-18,2138.37,2186.02,2124.98,2182.92,37750040
 2015-03-19,2184.76,2192.55,2160.99,2183.88,34983556
 2015-03-20,2187.47,2232.08,2187.01,2213.77,35792060
 2015-03-23,2225.85,2293.92,2221.71,2293.65,39047312
 2015-03-24,2310.51,2363.06,2253.2,2357.97,48344704
 2015-03-25,2364.94,2405.56,2344.11,2385.01,42627896
 2015-03-26,2362.45,2370.3,2270.79,2291.79,43457616
 2015-03-27,2274.68,2326.42,2267.87,2323.82,31041900
 2015-03-30,2319.31,2332.6,2266.85,2290.48,33193596
 2015-03-31,2294.32,2358.21,2288.31,2335.17,34588776
 2015-04-01,2347,2407.49,2345.75,2404.91,34211588
 2015-04-02,2434.76,2475.33,2420.19,2475.33,39817436
 2015-04-03,2469.85,2515.58,2460.94,2510.16,39200268
 2015-04-07,2530.07,2557.87,2522.26,2556.7,39071936
 2015-04-08,2566.94,2568.09,2442.82,2488.16,43774348
 2015-04-09,2481.69,2501.3,2346.89,2496.49,40257708
 2015-04-10,2475.55,2567.68,2457.82,2552.83,35139352
 2015-04-13,2558.19,2596.92,2545.26,2577.78,38288464
 2015-04-14,2584.59,2593.7,2539.94,2558.85,36477492
 2015-04-15,2548.99,2548.99,2441.74,2441.74,36021332
 2015-04-16,2420.93,2532.31,2407.85,2484.33,30450606
 2015-04-17,2507.47,2511.98,2453.28,2463.99,33251374
 2015-04-20,2462.41,2493.2,2411.34,2424.85,34510160
 2015-04-21,2443.12,2566.09,2443.12,2566.09,32057304
 2015-04-22,2610.74,2655.37,2610.74,2634.93,37301988
 2015-04-23,2656.18,2718.26,2656.18,2706.19,38248608
 2015-04-24,2689.91,2747.62,2672.2,2734.75,36429964
 2015-04-27,2781.6,2806.76,2737.15,2747.5,34684444
 2015-04-28,2764.41,2779.2,2650.43,2687.97,34410032
 2015-04-29,2693.48,2798.52,2674.76,2797.52,29865932
 2015-04-30,2825.16,2918.75,2825.16,2857.89,34285828
 2015-05-04,2868.1,2884.44,2803.82,2845.25,29104458
 2015-05-05,2830.79,2845.71,2753.87,2783.44,30083796
 2015-05-06,2806.3,2927.03,2806.3,2846.56,34768112
 2015-05-07,2824.82,2879.68,2801.47,2806.05,30603594
 2015-05-08,2838.97,2974.37,2838.97,2973.6,38363324
 2015-05-11,3015.43,3150.49,2991.33,3146.83,48013492
 2015-05-12,3176.54,3254.99,3133.96,3250.3,51249204
 2015-05-13,3185.34,3271.18,3123.92,3192.15,46156896
 2015-05-14,3174.45,3228.03,3137.28,3141.59,44148588
 2015-05-15,3109.12,3176.12,3059.86,3145.34,40803048
 2015-05-18,3178.37,3286.41,3178.37,3278.48,42156100
 2015-05-19,3310.09,3340.42,3206.78,3322.77,44285352
 2015-05-20,3339.17,3471.95,3339.17,3406.28,46165536
 2015-05-21,3421.61,3531.84,3421.45,3527.41,44954144
 2015-05-22,3594.59,3618.24,3438.57,3516.63,57570184
 2015-05-25,3415.67,3499.54,3370.84,3467.92,45619500
 2015-05-26,3471.8,3619.49,3471.8,3618.23,45465316
 2015-05-27,3638.21,3662.98,3546.58,3628.67,49660296
 2015-05-28,3618.34,3677.33,3432.98,3432.98,54111024
 2015-05-29,3444.06,3595.17,3328.46,3542.84,49995032
 2015-06-01,3580.08,3722.87,3580.08,3718.75,43302740
 2015-06-02,3757.1,3912.48,3756.09,3901.54,50081952
 2015-06-03,3949.28,4011.04,3838.22,3982.25,49970440
 2015-06-04,3991.8,4015.2,3695.83,3943.47,47259472
 2015-06-05,3994.44,4037.96,3841.42,3885.83,46810856
 2015-06-08,3862.8,3862.8,3643.04,3704.55,44704760
 2015-06-09,3664.37,3793.37,3633.72,3705.54,38942848
 2015-06-10,3695.06,3876.85,3676.76,3834.7,43364844
 2015-06-11,3843.98,3884.37,3815.06,3862.14,44129784
 2015-06-12,3889.16,3922.7,3850.59,3899.71,44912716
 2015-06-15,3919.36,3919.36,3688.89,3696.03,47406720
 2015-06-16,3636.79,3669.82,3475.35,3590.67,43314292
 2015-06-17,3586.37,3754.37,3511.11,3741.36,39791392
 2015-06-18,3734.91,3752.18,3497.73,3504.55,38221168
 2015-06-19,3408.53,3476.03,3304.65,3314.98,36852904
 2015-06-23,3314.89,3397.27,3154.6,3393.94,38158328
 2015-06-24,3425.57,3459.46,3304.67,3383.4,37628648
 2015-06-25,3403.63,3408.23,3172.37,3206.38,36857096
 2015-06-26,3078.4,3078.4,2915.94,2920.7,35432056
 2015-06-29,2943.5,2950.13,2663.44,2689.76,38531844
 2015-06-30,2566.02,2875.09,2485.46,2858.61,54686572
 2015-07-01,2842.17,3008.19,2743.61,2759.41,52601144
 2015-07-02,2756.25,2825.15,2591.05,2649.32,45280320
 2015-07-03,2559.03,2788.76,2458.29,2605.28,47079752
 2015-07-06,2795.67,2795.67,2417.56,2493.83,51605868
 2015-07-07,2398.1,2415.68,2350.97,2352.01,18897956
 2015-07-08,2304.76,2364.08,2304.76,2364.05,44477612
 2015-07-09,2338.11,2435.76,2338.11,2435.76,22948808
 2015-07-10,2487.39,2535.89,2478.87,2535.89,13426826
 2015-07-13,2612.77,2683.07,2592.2,2683.07,25235636
 2015-07-14,2725.04,2827.55,2715.98,2726.05,40597844
 2015-07-15,2750.66,2750.66,2583.46,2590.03,50649968
 2015-07-16,2526.65,2698.16,2439.24,2627.08,52481076
 2015-07-17,2651.44,2805.8,2646.5,2783.32,46866248
 2015-07-20,2820.72,2907.15,2777.91,2848.3,57264696
 2015-07-21,2802.02,2917.41,2779.53,2882.9,48846236
 2015-07-22,2882.06,2932.06,2828.45,2897.37,51433160
 2015-07-23,2896.25,2969.35,2864.43,2967.95,53211860
 2015-07-24,2976.94,3014.18,2879.26,2897.82,58741276
 2015-07-27,2822.37,2924.08,2683.05,2683.45,55582924
 2015-07-28,2546.41,2705.18,2492.19,2581.96,58035380
 2015-07-29,2617.94,2693.99,2483.92,2693.87,52023480
 2015-07-30,2671.46,2707.76,2556.09,2561.19,48185188
 2015-07-31,2507.26,2605.34,2499.25,2539.84,38567344
 2015-08-03,2475.33,2494.8,2371.48,2399.27,39835424
 2015-08-04,2396.41,2546.16,2380.28,2546.16,42143740
 2015-08-05,2542.27,2584.19,2480.45,2502.04,46817456
 2015-08-06,2441.96,2517.99,2430.53,2480.93,33923608
 2015-08-07,2509.96,2586.53,2505.27,2576.99,42575832
 2015-08-10,2606.74,2726.9,2593.41,2706.72,47852696
 2015-08-11,2705.04,2747.83,2675.15,2698.91,48057872
 2015-08-12,2658.84,2700.4,2622.19,2622.19,38304000
 2015-08-13,2608.74,2684.26,2578.91,2684.26,37616568
 2015-08-14,2713.78,2725.47,2664.42,2674.02,40688352
 2015-08-17,2665.37,2676.72,2613.78,2666.29,36547440
 2015-08-18,2674.42,2720.57,2488.61,2504.17,49129696
 2015-08-19,2427.94,2584.36,2359.17,2570.69,43737320
 2015-08-20,2556.77,2610.9,2508.35,2508.82,39721276
 2015-08-21,2452.62,2480.68,2340.92,2341.95,35141460
 2015-08-24,2222.54,2246.55,2152.61,2152.61,23049576
 2015-08-25,1996.04,2048.03,1987.12,1990.71,27176060
 2015-08-26,1975.92,2044.66,1875.03,1890.04,46445008
 2015-08-27,1924.78,1959.98,1843.19,1959.49,40510060
 2015-08-28,1990.35,2086.87,1960.39,2082.12,45280232
 2015-08-31,2056.29,2058.85,1987.58,1996.87,35634528
 2015-09-01,1959.45,1959.45,1877.36,1889.49,31889888
 2015-09-02,1787.71,1953.91,1779.18,1855.03,38372944
 2015-09-07,1882.86,1953.4,1878.26,1893.52,37806240
 2015-09-08,1875.67,2004.81,1859.2,2001.16,36849648
 2015-09-09,2023.31,2102.23,2017.1,2071.72,50760168
 2015-09-10,2030.03,2078.42,2024.89,2039.12,35482568
 2015-09-11,2039.01,2084.05,2029.81,2060.5,32555428
 2015-09-14,2068.2,2075.67,1905.2,1906.21,34890884
 2015-09-15,1843.23,1892.81,1794.29,1797.56,33039212
 2015-09-16,1813.73,1928.78,1808.75,1926.25,39024400
 2015-09-17,1943.29,2020.55,1922.8,1933.3,47985104
 2015-09-18,1948.12,1995.5,1922.14,1983.3,37674216
 2015-09-21,1950.33,2080.22,1945.35,2079.06,43477604
 2015-09-22,2082.34,2108.56,2042.13,2078.72,47584444
 2015-09-23,2039.49,2103.22,2036.06,2077.99,41306380
 2015-09-24,2090.56,2130.47,2084.31,2106.59,43139456
 2015-09-25,2091.85,2106.95,2002.45,2020.97,41100872
 2015-09-28,2024.89,2124.06,2007.92,2122.26,37858680
 2015-09-29,2089.54,2135.51,2075.97,2098.57,38424616
 2015-09-30,2111.99,2124.29,2049.43,2082.67,29708448
 2015-10-08,2153.12,2210.03,2138.54,2190.31,42031220
 2015-10-09,2190.84,2230.03,2184.55,2216.66,42927692
 2015-10-12,2233.61,2344.21,2232.27,2316.78,55775628
 2015-10-13,2297.93,2351.52,2290.64,2342.04,50249440
 2015-10-14,2330.08,2350.59,2295.6,2305,52435988
 2015-10-15,2300.62,2406.21,2296.79,2404.53,56549120
 2015-10-16,2424.62,2452.94,2401.09,2449.03,61932152
 2015-10-19,2465.11,2466.48,2398.34,2433.6,57914032
 2015-10-20,2430.18,2520.08,2427.78,2511.16,58460596
 2015-10-21,2504.78,2527.77,2335.66,2344.74,72233600
 2015-10-22,2355.16,2465.1,2355.16,2458.14,59640208
 2015-10-23,2488.31,2549.76,2461.49,2538.38,67588136
 2015-10-26,2570.13,2570.13,2481.59,2527.48,68447320
 2015-10-27,2497.16,2586.95,2423.6,2563.96,62288144
 2015-10-28,2551.7,2583.82,2473.47,2485.24,57717000
 2015-10-29,2504.85,2528.7,2436.78,2485.28,44057660
 2015-10-30,2475.23,2534.47,2439.16,2478.28,50077024
 2015-11-02,2416.1,2513.32,2408.78,2432.04,46816872
 2015-11-03,2444.05,2461.33,2407.55,2429.27,39935036
 2015-11-04,2451.23,2584.32,2451.23,2584.32,58452416
 2015-11-05,2587.82,2630.83,2542.85,2564.72,65112052
 2015-11-06,2571.66,2666.4,2571.66,2661.41,61741800
 2015-11-09,2653.31,2747.79,2612.26,2724.62,68677816
 2015-11-10,2710.9,2783.12,2700.29,2746.61,65216340
 2015-11-11,2738.58,2806.54,2730.52,2804.68,70870880
 2015-11-12,2818.57,2827.71,2743.26,2783.3,74163984
 2015-11-13,2751.39,2772.81,2681.61,2710.16,65461352
 2015-11-16,2656.57,2797.16,2654.64,2797.16,55154368
 2015-11-17,2834.98,2847.9,2711.58,2717.05,73555488
 2015-11-18,2727.61,2741.33,2655.06,2661.17,51626128
 2015-11-19,2678.36,2770.75,2676.75,2770.75,54825140
 2015-11-20,2783.04,2817.96,2757.84,2800.15,69030480
 2015-11-23,2797.12,2839.84,2759.31,2770.58,67520736
 2015-11-24,2767.72,2816.05,2739.52,2816.05,52702492
 2015-11-25,2813.51,2906.8,2806.82,2897.57,66418480
 2015-11-26,2911.85,2915.95,2831.38,2833.2,63202928
 2015-11-27,2819.36,2844.05,2629.13,2649.55,64579688
 2015-11-30,2658.97,2687.05,2507.38,2672.58,60052416
 2015-12-01,2669.3,2700.35,2621.17,2655.35,49682992
 2015-12-02,2653.24,2660.12,2525.34,2613.26,43453060
 2015-12-03,2622.49,2710.81,2622.49,2708.12,43270232
 2015-12-04,2702.56,2749.18,2679.35,2692.16,48329080
 2015-12-07,2699.34,2751.24,2687.02,2738.15,47454320
 2015-12-08,2723.62,2731.72,2678.66,2691.66,51536896
 2015-12-09,2677.59,2699.64,2650.45,2667.91,45218188
 2015-12-10,2665.27,2729.24,2663.37,2695.51,44264088
 2015-12-11,2686.3,2701.69,2666.89,2671.29,37125528
 2015-12-14,2642.82,2709.26,2622.47,2709.26,36203572
 2015-12-15,2718.25,2764.79,2718.25,2745.7,38759384
 2015-12-16,2760.26,2789.28,2749.79,2763.11,41793160
 2015-12-17,2784.97,2835.7,2784.97,2835.7,55219140
 2015-12-18,2836.92,2850.69,2801.64,2830.26,51447380
 2015-12-21,2825.31,2836.61,2800.35,2829.92,42648420
 2015-12-22,2836.96,2849.36,2811.61,2839.85,41580712
 2015-12-23,2845.43,2848.83,2779.93,2783.94,46679620
 2015-12-24,2775.98,2801.56,2735.97,2795.78,37179052
 2015-12-25,2807.51,2820.53,2777.46,2794.73,35511228
 2015-12-28,2809.52,2823.75,2735.49,2735.49,45076568
 2015-12-29,2732.55,2749.82,2710.2,2749.82,35829364
 2015-12-30,2758.25,2781.84,2749.29,2779.51,40757692
 2015-12-31,2780.54,2785.66,2713.69,2714.05,39561308
 2016-01-04,2706.27,2710.3,2490.47,2491.24,33478924
 2016-01-05,2353.23,2481.2,2333.61,2416.73,49010300
 2016-01-06,2433.36,2472.19,2388.69,2468.37,39804048
 2016-01-07,2415.33,2415.33,2254.5,2256.52,10666577
 2016-01-08,2297.59,2318.12,2142.33,2248.99,44776460
 2016-01-11,2188.19,2230.42,2105.77,2106.36,39231228
 2016-01-12,2117.25,2179.09,2087.27,2147.53,37443204
 2016-01-13,2160.32,2174.23,2059.78,2059.78,34346864
 2016-01-14,1991.23,2179.38,1989.87,2175.01,40865368
 2016-01-15,2160.17,2184.56,2096.19,2112.9,41445824
 2016-01-18,2074.86,2206.83,2074.86,2174.93,39874752
 2016-01-19,2170.09,2244.78,2148.72,2241.7,45197928
 2016-01-20,2222.6,2249.36,2190.5,2204.65,41821528
 2016-01-21,2173.31,2241.47,2112.4,2112.4,41166480
 2016-01-22,2140.28,2161.24,2078.12,2149.59,35037328
 2016-01-25,2165.73,2185.21,2136.88,2158.82,30623684
 2016-01-26,2132.22,2135.56,1990.51,1994.05,36762608
 2016-01-27,1997.32,2012.3,1888.25,1997.46,39761384
 2016-01-28,1969.31,1990.92,1900.88,1906.46,30546404
 2016-01-29,1908.26,2011.06,1907.29,1994.06,34466856
 2016-02-01,1989.21,2011.68,1956.92,1992.69,29892132
 2016-02-02,1996.59,2089.21,1996.59,2075.29,34710248
 2016-02-03,2049.32,2105.38,2034.6,2090.51,31768832
 2016-02-04,2095.62,2142.87,2095.62,2126.64,35059440
 2016-02-05,2127.35,2141.56,2096.99,2096.99,25785868
 2016-02-15,2029.56,2130.36,2029.56,2116.84,24986598
 2016-02-16,2128.06,2208.57,2128.06,2201.93,36587328
 2016-02-17,2197.93,2219.78,2171,2215.34,41643400
 2016-02-18,2230.8,2239.91,2188.19,2190.91,40537756
 2016-02-19,2186.01,2230.22,2182.96,2211.01,36792704
 2016-02-22,2235.17,2245.56,2216.16,2245.56,41953416
 2016-02-23,2245.75,2249.69,2189.53,2218.12,39969756
 2016-02-24,2212.59,2230.01,2154.27,2203.74,40601728
 2016-02-25,2198.93,2198.93,2030.42,2037.14,44873664
 2016-02-26,2045.51,2057.8,1980.17,2014.92,35814104
 2016-02-29,2000.57,2000.57,1866.25,1880.15,33848300
 2016-03-01,1881.32,1952.43,1841.22,1934.92,36084524
 2016-03-02,1930.84,2022.86,1925.02,2017.6,42454356
 2016-03-03,2014.18,2063.53,2006.71,2007.08,42006968
 2016-03-04,1994.06,2003.69,1895.4,1907.04,39762792
 2016-03-07,1935.09,1995.94,1935.09,1953.33,31730234
 2016-03-08,1944.65,2002.19,1865.65,2002.19,41226252
 2016-03-09,1962.28,2015.71,1947.05,1970.81,34193080
 2016-03-10,1968.77,1991.36,1935.12,1936.97,28365880
 2016-03-11,1911.32,1948.6,1903.92,1934.87,23173404
 2016-03-14,1962.11,2048.5,1962.11,2023.13,40997664
 2016-03-15,2016.81,2034.7,1995.46,1996.92,34452744
 2016-03-16,2029.92,2039.49,1961.42,1977.54,33507356
 2016-03-17,1986.14,2089.14,1986.14,2087.29,52208032
 2016-03-18,2102.19,2194.36,2102.08,2177.87,63938096
 2016-03-21,2214.91,2234.35,2191.66,2227.03,63845764
 2016-03-22,2201.19,2248.19,2189.94,2221.7,52501084
 2016-03-23,2214.87,2259.11,2205.07,2259.11,49852200
 2016-03-24,2234.22,2277.92,2217.84,2219.77,54767836
 2016-03-25,2209.26,2232.07,2183.6,2216.09,41598980
 2016-03-28,2233.13,2259.13,2192.35,2199.69,45630748
 2016-03-29,2190.88,2194.89,2130.85,2152.55,39628256
 2016-03-30,2172.74,2248.78,2172.74,2248.78,46542616
 2016-03-31,2256.43,2271.96,2232.3,2238.29,50514152
 2016-04-01,2223.38,2227,2171.34,2205.37,40715936
 2016-04-05,2207.46,2285.2,2205.44,2279.52,49811536
 2016-04-06,2274.77,2305.41,2271.5,2297.04,53433256
 2016-04-07,2310.92,2316.63,2248.68,2248.68,53930100
 2016-04-08,2230.95,2239.8,2194.23,2229.93,45924688
 2016-04-11,2255.07,2301.41,2255.07,2283.14,50116208
 2016-04-12,2283.21,2289.54,2236.44,2264.02,45314660
 2016-04-13,2278.52,2330.05,2278.52,2294.01,57522856
 2016-04-14,2310.6,2325.38,2289.57,2324.39,46139448
 2016-04-15,2328.31,2328.31,2297.68,2309.68,40308908
 2016-04-18,2288.42,2288.42,2249.34,2265.59,38252496
 2016-04-19,2278.31,2289.05,2253.59,2272.52,35911568
 2016-04-20,2279.76,2284.1,2119.42,2145.24,56160932
 2016-04-21,2135.93,2160.26,2106.97,2110.16,36026892
 2016-04-22,2093.78,2136.92,2090.95,2136.92,29586774
 2016-04-25,2128.66,2130.06,2083.64,2126.83,26959280
 2016-04-26,2123.87,2155.7,2119.38,2155.7,27579366
 2016-04-27,2162.76,2176.33,2142.46,2146.61,32179112
 2016-04-28,2149.1,2158.49,2108.27,2155.23,31257270
 2016-04-29,2141.58,2162.19,2138.74,2138.74,25362368
 2016-05-03,2138.96,2217.23,2126.87,2217.23,40518568
 2016-05-04,2210.13,2233.59,2206.26,2211.02,41117968
 2016-05-05,2208.4,2226.55,2198.76,2224.1,34603688
 2016-05-06,2226.44,2235.96,2129.19,2129.19,49401484
 2016-05-09,2107.33,2107.33,2045.12,2053.6,37401164
 2016-05-10,2051.38,2067.62,2044.28,2054.22,25343896
 2016-05-11,2067.69,2073.83,2032.3,2034.93,28980496
 2016-05-12,2006.26,2039.32,1975.06,2034.56,28433750
 2016-05-13,2030.94,2058.66,2013.86,2025.22,26223880
 2016-05-16,2017.84,2057.86,2008.54,2057.86,28343346
 2016-05-17,2059.51,2107.73,2036.88,2081.44,38088172
 2016-05-18,2062.81,2062.81,2000.53,2020.48,35523824
 2016-05-19,2023.96,2076.48,2023.96,2037.4,33919736
 2016-05-20,2018.38,2065.3,2013.53,2065.3,31659474
 2016-05-23,2073,2107.05,2073,2098.23,38387504
 2016-05-24,2094.21,2094.21,2061.52,2075.51,34139736
 2016-05-25,2091.97,2111.26,2062.64,2067.25,36260688
 2016-05-26,2060.43,2086.49,2019.3,2086.01,37261300
 2016-05-27,2076.3,2090.17,2065.37,2069.89,34131536
 2016-05-30,2054.62,2083.83,2033.67,2058.52,33054054
 2016-05-31,2061.84,2160.53,2060.14,2159.8,56992436
 2016-06-01,2164.73,2188.88,2163.05,2168.82,58794176
 2016-06-02,2163.59,2188.56,2160.25,2188.56,54154712
 2016-06-03,2176.36,2236.58,2175.81,2204.97,64614588
 2016-06-06,2212.46,2219.27,2181.99,2199.3,49092384
 2016-06-07,2202.04,2204.18,2181.29,2196.73,45258224
 2016-06-08,2191.27,2201.53,2166.97,2186.54,47491816
 2016-06-13,2150.39,2165.28,2054.71,2054.71,53756488
 2016-06-14,2045.21,2070.15,2032.44,2058.31,38905976
 2016-06-15,2033.6,2143.45,2031.67,2128.8,50827620
 2016-06-16,2124.16,2137.18,2097.35,2101.42,49736192
 2016-06-17,2109.57,2154.52,2105.24,2122.89,50886964
 2016-06-20,2117.99,2127.68,2088.29,2119.63,44233148
 2016-06-21,2135.46,2153.23,2083.69,2092,52619368
 2016-06-22,2085.98,2144.82,2085.65,2144.82,48500540
 2016-06-23,2144.58,2153.58,2115.84,2137.49,53512180
 2016-06-24,2131.15,2157.94,2060.2,2127.36,64400552
 2016-06-27,2111.1,2194.13,2110.6,2191.81,61802508
 2016-06-28,2181.41,2221.46,2173.53,2216.71,69894240
 2016-06-29,2228.51,2238.35,2203.49,2209.79,59866688
 2016-06-30,2213.6,2233.28,2206.81,2227.79,57068920
 2016-07-01,2231.18,2241.63,2203.93,2211.18,47684376
 2016-07-04,2195.62,2254.15,2193.84,2248.71,52081616
 2016-07-05,2253.69,2259.29,2229,2246.02,53546312
 2016-07-06,2239.76,2246.73,2229.27,2241.56,46098732
 2016-07-07,2240.9,2247.58,2212.41,2233.92,55049920
 2016-07-08,2231.97,2257.32,2220.21,2239,47569780
 2016-07-11,2242.26,2252.66,2216.57,2218.59,53188672
 2016-07-12,2218.02,2247.35,2182.03,2247.35,55163400
 2016-07-13,2258.26,2299.86,2250.64,2285.37,58098824
 2016-07-14,2282.16,2295.59,2273.42,2293.08,50294624
 2016-07-15,2289.1,2293.09,2260.16,2263.78,47067548
 2016-07-18,2257.42,2268.79,2234.21,2249.87,41749944
 2016-07-19,2249.74,2273.72,2237,2273.72,41359712
 2016-07-20,2272.64,2288.65,2268.53,2268.53,43689616
 2016-07-21,2266.08,2289.67,2259.2,2265.13,45103624
 2016-07-22,2262.1,2269.55,2248.3,2250,40420396
 2016-07-25,2245.86,2264.44,2235.45,2245.89,37437208
 2016-07-26,2245.94,2279.55,2245.94,2279.55,36165504
 2016-07-27,2282.07,2284.28,2138.78,2155.39,63315116
 2016-07-28,2150.32,2166.6,2109.87,2139.74,43038520
 2016-07-29,2144.27,2147.19,2109.13,2122.41,31654140
 2016-08-01,2113.67,2118.09,2066.18,2099.18,32837240
 2016-08-02,2096.55,2114.95,2094.12,2113.21,25102200
 2016-08-03,2110.23,2117.62,2096.73,2108.31,26589352
 2016-08-04,2107.62,2133.18,2102.27,2129.65,31872354
 2016-08-05,2128.74,2129.33,2107.44,2109.06,28354310
 2016-08-08,2102.24,2130.59,2083.98,2130.59,26546576
 2016-08-09,2128.64,2154.51,2128.22,2154.51,33634360
 2016-08-10,2155.39,2164.63,2136.83,2137,32552436
 2016-08-11,2134.6,2139.2,2103.4,2103.4,29775196
 2016-08-12,2098.77,2123.87,2097.91,2123.84,25919436
 2016-08-15,2126.79,2200.92,2112.25,2193.21,47469912
 2016-08-16,2195.02,2211.01,2192.97,2201.1,41894228
 2016-08-17,2200.24,2218.29,2195.37,2208.2,38309640
 2016-08-18,2204.95,2213.3,2191.93,2201.59,37873956
 2016-08-19,2200.68,2211.06,2194.11,2204.56,34079968
 2016-08-22,2205.58,2213.41,2167.4,2167.4,37116420
 2016-08-23,2168.34,2186.74,2160.3,2174.16,30192240
 2016-08-24,2178.53,2204.8,2176.35,2192.17,34558488
 2016-08-25,2179.01,2183.73,2152.11,2180.66,38573296
 2016-08-26,2186,2211.63,2182.11,2189.75,39402496
 2016-08-29,2187.72,2209.25,2183.81,2193.2,37814784
 2016-08-30,2197.49,2210.4,2193.07,2195.53,36388416
 2016-08-31,2194.61,2198.25,2175.84,2191.76,34232360
 2016-09-01,2192.94,2201.28,2181.33,2181.33,35320384
 2016-09-02,2176.39,2187.69,2160.12,2170.86,34463468
 2016-09-05,2178.63,2199.65,2178.09,2182.69,31350628
 2016-09-06,2183.23,2225.25,2161.93,2222.84,46134656
 2016-09-07,2223.02,2232.12,2208.83,2212.05,48768064
 2016-09-08,2211.39,2223.47,2207.12,2223.47,38590932
 2016-09-09,2223.58,2228.54,2202.97,2202.97,38968752
 2016-09-12,2163.45,2179.98,2145.03,2145.56,41905376
 2016-09-13,2157.95,2165.58,2139.34,2145.87,30860316
 2016-09-14,2137.4,2156.98,2131.71,2144.56,29032312
 2016-09-19,2149.37,2174.4,2149.37,2165.21,26844050
 2016-09-20,2164.42,2167.64,2153.94,2158.43,28844356
 2016-09-21,2158.06,2170.09,2157.38,2162.13,27049596
 2016-09-22,2174.3,2178.53,2166.62,2168.42,28362324
 2016-09-23,2171.63,2173.49,2156.04,2156.51,30098248
 2016-09-26,2154.4,2161.76,2122.9,2122.9,32401348
 2016-09-27,2118.95,2140.8,2112.7,2140.8,28166716
 2016-09-28,2143.72,2143.72,2132.55,2139.63,24175726
 2016-09-29,2141.34,2155.42,2140.98,2146.18,25538392
 2016-09-30,2144.47,2154.4,2143.34,2149.9,23142884
 2016-10-10,2165.85,2208.47,2163.41,2208.47,36210604
 2016-10-11,2207.43,2210.86,2201.31,2210.86,33618196
 2016-10-12,2202.36,2216.52,2198.89,2209.69,32205924
 2016-10-13,2211.76,2216.09,2200.52,2208.57,32880024
 2016-10-14,2203.87,2203.87,2178.91,2194.23,32467018
 2016-10-17,2199.18,2200.47,2160.01,2167.86,34755160
 2016-10-18,2164.6,2198.14,2164.6,2198.14,33830748
 2016-10-19,2200.53,2201.16,2180.47,2184.91,35703036
 2016-10-20,2187.41,2199.06,2184.35,2193.26,39193184
 2016-10-21,2196.85,2202.49,2167.83,2181,41616516
 2016-10-24,2184.11,2204.36,2176.92,2200.8,37525696
 2016-10-25,2202.79,2207.81,2196.57,2200.21,34010904
 2016-10-26,2203.48,2204.84,2179.76,2184.49,39927388
 2016-10-27,2182.91,2184.32,2171.24,2182.48,32058256
 2016-10-28,2182.56,2192.9,2165.03,2165.43,37520832
 2016-10-31,2158.57,2162.67,2145.57,2159.76,31724370
 2016-11-01,2160.39,2177.83,2159.71,2176.45,34872400
 2016-11-02,2170.81,2171.66,2145.07,2146.4,38992664
 2016-11-03,2137.13,2167.93,2135.28,2153.18,43866868
 2016-11-04,2151.92,2168.34,2142.41,2145.23,40275072
 2016-11-07,2141.3,2145.82,2126.95,2130.3,35113624
 2016-11-08,2138.45,2154.57,2136.25,2150.3,33764856
 2016-11-09,2150.62,2154.85,2098.56,2123.84,41862024
 2016-11-10,2143.56,2149.09,2138.94,2143.32,37575300
 2016-11-11,2143.58,2147.11,2125.49,2147.11,44124776
 2016-11-14,2146.83,2175.25,2146.83,2161.69,46558864
 2016-11-15,2161.57,2179.3,2152.38,2179.3,43229680
 2016-11-16,2187.5,2208.98,2182.12,2182.47,51659092
 2016-11-17,2176.12,2176.12,2157.54,2163.04,36753520
 2016-11-18,2164.71,2170.79,2155.23,2157.96,32671432
 2016-11-21,2156.46,2162.37,2147.05,2152.6,34743224
 2016-11-22,2156.52,2177.65,2146.62,2177.65,41202112
 2016-11-23,2182.1,2191.26,2163,2165.71,49392912
 2016-11-24,2159.61,2172.18,2142.95,2146.63,39967956
 2016-11-25,2145.97,2167.53,2123.74,2167.53,41598644
 2016-11-28,2172.97,2175.51,2159.73,2166.04,35057824
 2016-11-29,2161.78,2178.19,2153.72,2160.35,40323864
 2016-11-30,2157.54,2201.55,2155.24,2183.05,41888076
 2016-12-01,2181.73,2188.09,2175.5,2181.93,34102656
 2016-12-02,2180.39,2186.69,2143.21,2143.45,38481896
 2016-12-05,2129.25,2162.3,2124.75,2143.88,30341460
 2016-12-06,2149.75,2156.69,2121.25,2122.26,28738656
 2016-12-07,2123.55,2134.99,2116.54,2134.99,26993264
 2016-12-08,2135.79,2136.26,2114.04,2114.71,29346544
 2016-12-09,2114.45,2118.63,2097.09,2099.89,29318900
 2016-12-12,2095.58,2096.4,1981.17,1984.39,45320516
 2016-12-13,1982.08,1995.35,1961.91,1985.04,30454872
 2016-12-14,1982.98,1988.46,1958.04,1963.08,26826274
 2016-12-15,1957.71,1991.32,1956.55,1975.85,26921236
 2016-12-16,1977.86,2005.28,1972.22,1998.11,26396376
 2016-12-19,1995,1995,1976.77,1980.41,23412762
 2016-12-20,1981.69,1989.99,1974.93,1982.3,22915612
 2016-12-21,1987.76,1996.1,1985.05,1991.7,24556540
 2016-12-22,1993.04,1993.04,1978.74,1986.27,22576232
 2016-12-23,1987.73,1992.21,1964.23,1964.54,24758644
 2016-12-26,1959.19,1974.01,1933.52,1974.01,25822442
 2016-12-27,1972.51,1977.31,1968.57,1968.62,24282864
 2016-12-28,1968.15,1971.51,1954.96,1957.15,24099892
 2016-12-29,1956.72,1971.94,1955.62,1959.24,24144412
 2016-12-30,1961.22,1964.7,1952.68,1962.06,23751792
 2017-01-03,1965.04,1971.91,1959.14,1963.26,23801780
 2017-01-04,1963.02,1992.76,1959.57,1991.57,30298554
 2017-01-05,1990.7,1993.71,1983.84,1983.97,26841628
 2017-01-06,1980.84,1982.4,1963.32,1965.03,29057446
 2017-01-09,1962.2,1968.87,1951.49,1961.62,25094728
 2017-01-10,1960.1,1967.47,1951.18,1951.68,22764272
 2017-01-11,1947.42,1959.3,1932.46,1937.55,26448796
 2017-01-12,1935.52,1946.59,1929.05,1930.14,23379380
 2017-01-13,1930.11,1934.48,1899.11,1899.94,26489808
 2017-01-16,1897.45,1897.82,1783.74,1830.85,36824728
 2017-01-17,1824.1,1875.8,1805.39,1867.87,31653448
 2017-01-18,1860.24,1862.83,1845.57,1845.79,22720548
 2017-01-19,1842.66,1853.11,1833.5,1844.14,20696526
 2017-01-20,1844.37,1892.36,1842.62,1880.75,27940760
 2017-01-23,1879.97,1897.1,1879.71,1887.32,24566192
 2017-01-24,1885.24,1885.95,1859.71,1861.22,22732104
 2017-01-25,1857.32,1874.63,1856.22,1870.7,20653604
 2017-01-26,1872.14,1887.67,1872.14,1886.23,19862188
 2017-02-03,1886.97,1888.81,1872.7,1876.76,18991136
 2017-02-06,1877.14,1903.33,1874.71,1900.45,24797524
 2017-02-07,1897.87,1900.35,1881.73,1889.13,25506648
 2017-02-08,1887.34,1903.63,1881.14,1903.63,29127888
 2017-02-09,1903.67,1916.41,1901.88,1914.08,32106526
 2017-02-10,1913.23,1915.43,1900.71,1904.68,29874916
 2017-02-13,1902.46,1919.2,1894.15,1913.68,29419548
 2017-02-14,1914.14,1918.79,1906.41,1909.4,26741132
 2017-02-15,1911.04,1920.29,1890.09,1892.36,31909490
 2017-02-16,1891.87,1900.97,1886.41,1897.63,27688690
 2017-02-17,1896.7,1904.87,1881,1882.87,30519690
 2017-02-20,1884.99,1894.96,1876.67,1894.96,29283960
 2017-02-21,1896.86,1924.03,1895.43,1921.08,35734896
 2017-02-22,1921.55,1925.3,1909.12,1919.97,31624710
 2017-02-23,1919.24,1925.95,1906.81,1925.95,32704508
 2017-02-24,1925.1,1939.39,1921.3,1938.44,34053568
 2017-02-27,1937.56,1943.98,1923.53,1926.77,34433576
 2017-02-28,1926.14,1931.82,1918.32,1927.16,31317814
 2017-03-01,1925.7,1938.68,1923.75,1931.97,34223064
 2017-03-02,1936.08,1937.9,1919.74,1920.4,31413656
 2017-03-03,1916.2,1932.21,1908.32,1928.29,31517880
 2017-03-06,1931.62,1962.77,1931.62,1962.77,39855964
 2017-03-07,1967.18,1977.85,1957.29,1977.85,38814716
 2017-03-08,1976.85,1976.85,1960.07,1964.63,33620520
 2017-03-09,1962.64,1962.64,1948.79,1953.94,33261476
 2017-03-10,1952.5,1957.71,1945.57,1950.01,29642546
 2017-03-13,1948.52,1972.08,1939.03,1970.88,34137264
 2017-03-14,1967.47,1970.48,1952.1,1958.02,35582312
 2017-03-15,1951.71,1964.43,1943.61,1957.82,33550572
 2017-03-16,1959.05,1968.43,1959.05,1966.73,36240700
 2017-03-17,1968.15,1981.69,1949.35,1949.66,43486176
 2017-03-20,1948.6,1953.82,1939.65,1953.82,35099192
 2017-03-21,1953.56,1961.65,1948.89,1961.06,31857190
 2017-03-22,1952.8,1959.71,1939.29,1948.58,35523344
 2017-03-23,1951.87,1960.34,1930.44,1948.37,38097144
 2017-03-24,1948.27,1966.42,1946.12,1965.14,33568584
 2017-03-27,1964.62,1967.11,1947.53,1947.53,32664224
 2017-03-28,1946.33,1953.24,1940.38,1944.36,27764268
 2017-03-29,1945.14,1948.72,1926.6,1929.2,33074116
 2017-03-30,1924.51,1926.53,1893.3,1893.7,37535544
 2017-03-31,1895.81,1908.53,1895.81,1907.34,28325784
 2017-04-05,1914.91,1943.43,1914.91,1943.16,34404956
 2017-04-06,1947.09,1951.23,1939.37,1944.23,32938064
 2017-04-07,1942.11,1953.57,1939.32,1946.05,35617464
 2017-04-10,1940.3,1940.3,1911.11,1912.45,44655020
 2017-04-11,1907.1,1920.78,1887.89,1917.63,44673040
 2017-04-12,1913.78,1915.02,1896.85,1897.51,34557716
 2017-04-13,1896.49,1920.23,1896.49,1910.48,29854160
 2017-04-14,1910.99,1910.99,1887.35,1887.46,32508900
 2017-04-17,1880.77,1886.61,1862.36,1868.28,34278108
 2017-04-18,1867.58,1878.1,1847.2,1848.2,32714524
 2017-04-19,1841.6,1845.64,1812.39,1845.38,36153456
 2017-04-20,1843.97,1856.73,1836.44,1850.39,31129514
 2017-04-21,1849.28,1863.58,1836.52,1839.01,26452930
 2017-04-24,1832.82,1832.82,1796.36,1809.91,29459280
 2017-04-25,1809.56,1829.26,1807.67,1818.87,28768572
 2017-04-26,1812.86,1822.12,1811.04,1820.48,29522820
 2017-04-27,1815.11,1847.93,1794.4,1842.92,43238960
 2017-04-28,1838.74,1856.4,1834.43,1850.73,33686664
 2017-05-02,1849.22,1855.34,1843.83,1850.85,30401176
 2017-05-03,1848.71,1854.68,1832.56,1840.45,34236676
 2017-05-04,1838.71,1858.56,1828.63,1838.1,37835332
 2017-05-05,1832.68,1839.65,1818.19,1818.19,33874804
 2017-05-08,1814.1,1825.76,1788.71,1788.71,33282208
 2017-05-09,1780.52,1803.21,1770.59,1802.49,31945522
 2017-05-10,1801.78,1815.83,1771.32,1771.32,34492896
 2017-05-11,1761.47,1772.47,1727.58,1772.41,37314968
 2017-05-12,1768.3,1774.9,1750.4,1774.63,30941100
 2017-05-15,1778.18,1788.56,1776.01,1778.64,29051364
 2017-05-16,1774.39,1814.94,1764.29,1814.94,42500340
 2017-05-17,1812.71,1833.87,1810.21,1822.64,45265396
 2017-05-18,1807.18,1827.78,1803.86,1813.51,39567140
 2017-05-19,1812.73,1815.81,1793.04,1801.08,33845632
 2017-05-22,1798.56,1814.41,1779.47,1788.08,35193740
 2017-05-23,1784.53,1790.11,1757.37,1758.23,36268884
 2017-05-24,1749.16,1776.44,1730.36,1776.28,33117970
 2017-05-25,1770.65,1785.67,1745.23,1777.69,37690088
 2017-05-26,1769.12,1772.93,1754.77,1759.63,36145348
 2017-05-31,1777.65,1783.15,1762.08,1763.73,34190640
 2017-06-01,1757.8,1757.89,1728.49,1728.49,33856824
 2017-06-02,1721.4,1754.21,1711.82,1745.93,34117096
 2017-06-05,1747.53,1767.29,1747.53,1761.25,32786764
 2017-06-06,1759.29,1773.07,1758.32,1766.39,29892568
 2017-06-07,1764.96,1802.52,1762.73,1799.85,43103748
 2017-06-08,1798.69,1804.66,1792.1,1794.75,38599056
 2017-06-09,1793.65,1797.64,1782.18,1796.13,35001164
 2017-06-12,1787.56,1787.56,1773.53,1775.55,31062672
 2017-06-13,1773.01,1800.2,1771.85,1795.63,32889584
 2017-06-14,1794.04,1798.2,1787.06,1790.64,34038560
 2017-06-15,1788.81,1823.42,1788.43,1816.26,46357584
 2017-06-16,1816.16,1819.1,1809.48,1810.05,37122856
 2017-06-19,1809.51,1817.5,1805.88,1816.4,30777220
 2017-06-20,1818.69,1833.94,1818.69,1820.98,39576296
 2017-06-21,1827.89,1829.4,1810.04,1824.69,37814552
 2017-06-22,1821.84,1828.8,1798.38,1798.38,39877952
 2017-06-23,1794.5,1807.43,1776.6,1807.43,36235840
 2017-06-26,1805.88,1821.28,1801.21,1821.28,31533580
 2017-06-27,1821.37,1830.22,1816.66,1819.93,30839946
 2017-06-28,1817.43,1818.11,1802.38,1808.2,28924414
 2017-06-29,1808.29,1822.82,1807.62,1813.55,29049652
 2017-06-30,1808.08,1819.88,1802.61,1818.07,28840566
 2017-07-03,1818.2,1836.49,1816.03,1835.99,32861052
 2017-07-04,1833.89,1834.24,1823.85,1829.51,30874200
 2017-07-05,1827.26,1836.66,1820.96,1836.63,33699056
 2017-07-06,1835.81,1844.2,1823.37,1839,40819312
 2017-07-07,1833.88,1836.78,1828.72,1835.44,35697360
 2017-07-10,1831.37,1831.37,1803.23,1803.25,38393808
 2017-07-11,1799.52,1804.72,1783.91,1783.91,33432832
 2017-07-12,1779.9,1788.69,1764.1,1786.75,34480056
 2017-07-13,1784.26,1786.22,1774.78,1778.86,27825788
 2017-07-14,1771.33,1771.33,1742.22,1745.57,33167380
 2017-07-17,1730.7,1730.7,1656.43,1656.43,46499188
 2017-07-18,1646.64,1672.72,1641.38,1667.49,32358398
 2017-07-19,1663.16,1685.74,1654.77,1684.77,30168380
 2017-07-20,1684.26,1712.7,1683.11,1688.61,31859904
 2017-07-21,1688.79,1699.67,1685.79,1690.15,26468756
 2017-07-24,1685.71,1689.38,1674.72,1686.44,29321920
 2017-07-25,1686.57,1694.4,1680.95,1688.09,29443222
 2017-07-26,1689.48,1692.62,1674.22,1681.31,30263096
 2017-07-27,1678.87,1742.92,1675.3,1742.19,59959412
 2017-07-28,1740.54,1746.54,1732.89,1734.07,45218824
 2017-07-31,1731.92,1744.05,1725.5,1736.3,39178928
 2017-08-01,1735.91,1742.01,1727.59,1741.07,40161136
 2017-08-02,1740.39,1744.3,1723.23,1724.83,41466380
 2017-08-03,1723.03,1757.76,1716.53,1733.12,45035096
 2017-08-04,1731.03,1734.18,1718.91,1719.62,39374512
 2017-08-07,1722.24,1743.62,1720.99,1732.43,33202934
 2017-08-08,1731.73,1762.44,1728.59,1762.42,43987136
 2017-08-09,1756.5,1770.75,1751.83,1763.05,42390068
 2017-08-10,1761.43,1777.19,1741.4,1753.67,42035272
 2017-08-11,1742,1763.91,1738.14,1742.14,40966824
 2017-08-14,1745.01,1794.07,1745.01,1793.48,49528272
 2017-08-15,1796.24,1803.19,1785.62,1798.57,44066164
 2017-08-16,1797.05,1835.62,1792.72,1825.19,62215596
 2017-08-17,1819.43,1845.25,1816.14,1833.4,57385712
 2017-08-18,1822.07,1835.67,1817.64,1821.8,46144288
 2017-08-21,1823.37,1834.66,1818.86,1829.22,39697316
 2017-08-22,1829.4,1831.66,1811.97,1814.92,42144424
 2017-08-23,1813.43,1818.65,1801.15,1807.37,37852260
 2017-08-24,1807.85,1812.08,1792.7,1795.74,39556576
 2017-08-25,1794.7,1814.54,1794.7,1812.88,39373184
 2017-08-28,1815.84,1856.21,1815.84,1842.83,54348968
 2017-08-29,1842.15,1850.82,1828.54,1831.59,47377872
 2017-08-30,1830.7,1849.24,1830.55,1838.63,41185620
 2017-08-31,1841,1850.81,1839.81,1849.38,39984152
 2017-09-01,1850.02,1865.81,1840.52,1865.25,51487784
 2017-09-04,1863.02,1888.98,1858.39,1883.62,60183804
 2017-09-05,1881.67,1891.79,1873.16,1885.16,55091996
 2017-09-06,1880.7,1902.86,1877.27,1902.86,59420416
 2017-09-07,1904.54,1917.96,1889.33,1890.38,69683104
 2017-09-08,1888.4,1895.86,1872.91,1885.27,52111384
 2017-09-11,1883.65,1896.38,1880.14,1896.38,49408368
 2017-09-12,1897.52,1904.3,1882.57,1884.48,63835544
 2017-09-13,1884.54,1888.44,1874.87,1888.43,47073416
 2017-09-14,1887.36,1892.99,1874.22,1879.25,47803712
 2017-09-15,1877.17,1882.53,1869.63,1875.63,43668996
 2017-09-18,1874.45,1894.81,1873.97,1894.8,39592144
 2017-09-19,1896.62,1901.27,1877.14,1880.3,43950148
 2017-09-20,1878.57,1892.67,1876.68,1892.67,45220896
 2017-09-21,1892.95,1898.21,1872.65,1872.77,49244464
 2017-09-22,1869.11,1871.24,1854.94,1866.42,44521764
 2017-09-25,1864.86,1869.39,1841.36,1843.62,40950704
 2017-09-26,1840.48,1848.14,1826.92,1839.46,37443376
 2017-09-27,1840.17,1857.33,1840.17,1854.94,36546604
 2017-09-28,1853.38,1864.25,1852.46,1854.73,39536584
 2017-09-29,1858.06,1866.98,1856.86,1866.98,39320912
 2017-10-09,1889.89,1894.91,1880.39,1889.84,47047716
 2017-10-10,1890.66,1917.46,1887.47,1917.46,54539820
 2017-10-11,1918.35,1924,1899.96,1901.55,54561540
 2017-10-12,1900.87,1909.48,1889.44,1899.99,44826496
 2017-10-13,1901.18,1927.02,1898.34,1926.07,47288440
 2017-10-16,1920.94,1921.64,1882.69,1882.69,55229016
 2017-10-17,1876.69,1888.62,1868.92,1876.99,33843304
 2017-10-18,1878.29,1890.32,1867.83,1868.16,38426016
 2017-10-19,1865.93,1876.67,1855.36,1862.61,37950224
 2017-10-20,1858.62,1880.21,1856.1,1880.21,31106954
 2017-10-23,1881.41,1900.38,1878.34,1898.76,33221668
 2017-10-24,1895.44,1901.69,1882.68,1901.69,34304096
 2017-10-25,1898.63,1913.26,1893.94,1913.26,32008676
 2017-10-26,1911.85,1918.79,1902.27,1910.72,37129736
 2017-10-27,1909.57,1910.93,1895.26,1896.22,33676192
 2017-10-30,1894.86,1902.05,1848.04,1855.99,45174416
 2017-10-31,1855.94,1869.79,1855.23,1869.79,30424372
 2017-11-01,1867.99,1881.49,1866.52,1872.75,33746368
 2017-11-02,1869.72,1869.72,1847.41,1847.56,36142296
 2017-11-03,1843.8,1856.22,1825.29,1832.97,34622488
 2017-11-06,1831.9,1850.3,1818.41,1850.3,32860324
 2017-11-07,1849.32,1859.11,1843.92,1859.07,35446552
 2017-11-08,1858.64,1881.05,1856.39,1866.14,41798820
 2017-11-09,1864.25,1884.11,1858.73,1884.11,38871108
 2017-11-10,1882.72,1905.06,1882.28,1900.63,42308016
 2017-11-13,1904.58,1911.17,1895.87,1906.44,43329132
 2017-11-14,1908.04,1912.49,1888.86,1896.72,44263376
 2017-11-15,1892.65,1894.61,1861.59,1868.08,37304752
 2017-11-16,1865.72,1883.02,1859.77,1878.26,33919880
 2017-11-17,1879.43,1884.02,1831.01,1833.9,48941244
 2017-11-20,1819.17,1859.75,1795.69,1859.75,34647992
 2017-11-21,1856.73,1871.71,1844.42,1856.96,36583816
 2017-11-22,1854.58,1867.79,1837.3,1853.38,37662688
 2017-11-23,1848.22,1848.22,1793.49,1794.78,36564052
 2017-11-24,1789.51,1804.21,1782.6,1782.66,30068796
 2017-11-27,1781.22,1794.01,1758.45,1760.9,29595114
 2017-11-28,1761.52,1794.14,1761.52,1793.87,29097990
 2017-11-29,1793.28,1795.51,1767.63,1787.38,31519554
 2017-11-30,1783.23,1792.14,1765.3,1770.3,28435528
 2017-12-01,1772.04,1808.69,1771.89,1804.62,33246748
 2017-12-04,1803.03,1812.4,1795.13,1797.77,32285388
 2017-12-05,1794.7,1799.88,1746.12,1758.59,34953776
 2017-12-06,1755.77,1784.82,1744.49,1784.31,32556898
 2017-12-07,1780.97,1791.06,1775,1776.99,30133486
 2017-12-08,1776.26,1803.36,1776.26,1792.16,31775054
 2017-12-11,1800.13,1816.98,1800.13,1816.98,35147912
 2017-12-12,1818.41,1821.48,1798.69,1798.69,32687476
 2017-12-13,1795.47,1806.19,1787.71,1806.09,29086652
 2017-12-14,1804.19,1809.67,1787.67,1794.34,29836964
 2017-12-15,1793.24,1801.41,1780.27,1783.97,31839326
 2017-12-18,1784.41,1790.87,1773.32,1780.64,28155480
 2017-12-19,1781.81,1802.58,1781.81,1798.5,28159756
 2017-12-20,1798.36,1799.36,1779.68,1782.41,29232108
 2017-12-21,1776.45,1796.58,1762.98,1789.74,31933628
 2017-12-22,1788.66,1795.07,1778.61,1779.34,28850480
 2017-12-25,1778.96,1780.52,1751.91,1755.81,32017756
 2017-12-26,1755.14,1760.46,1742.26,1758.82,28709116
 2017-12-27,1756.04,1760.42,1743.77,1745.24,29566532
 2017-12-28,1742.47,1759.1,1742.02,1745.02,30244636
 2017-12-29,1745.95,1753.98,1741,1752.65,27708176
 2018-01-02,1759.02,1770.01,1748.53,1769.67,27532368
 2018-01-03,1770.03,1798.78,1766.34,1795.38,37065372
 2018-01-04,1790.65,1795.25,1788.54,1794.61,32511790
 2018-01-05,1797.26,1804.88,1795.26,1801.42,31297256
